Linker 1,Linker 2,Linker 3,Linker 4,Linker 5,Linker 6
Formate,formate,"formate-O,O",aqua),,
"[1,1'-biphenyl]-4,4'-dicarboxylate","2,7-bis(pyridin-4-yl)-9H-fluoren-9-on",,,,
oxalate,norbornadiene,,,,
isonicoate,,,,,
pyridine-4-carboxylate,,,,,
"4,4'-diazenediyldipyridine","pyrazole-3,5-dicarboxylate",,,,
"4,4',4''-[benzene-1,3,5-triyltris(oxy)]tribenzoate","4,4'-bipyridine",,,,
"pyrazine-2,6-dicarboxylate",,,,,
"benzene-1,3,5-tricarboxylate",,,,,
"pyrazine-1,2-dicarboxylate",,,,,
"4,4'-diazenediyldipyridine","3,5-dicarboxylatepyrazolate",,,,
"1,2-bis(4-pyridyl)ethane",5-hydroxyisophthalate,,,,
5-hydroxyisophthalate,"1,2-bis(4-pyridyl)ethene",,,,
"1,2-bis(pyridin-4-yl)ethene",5-hydroxyisophthalate,,,,
5-hydroxyisophthalate,"1,3-bis(4-pyridyl)propane",,,,
"N,N'-bis(pyridin-3-yl)thiophene-2,5-dicarboxamide",isophthalate,,,,
"4,4',4''-phosphanetriyltribenzoate","4,4'-bipyridine",fluoro,,,
"4,4',4''-phosphanetriyltribenzoate","4,4'-bipyridine",fluoro)-aqua-tri-(i,,,
,,,,,
pentaiodide,"3,3',3'',3'''-[methanetetrayltetra(4,1-phenylene)]tetrapyridine",,,,
iodo,"3,3',3'',3'''-[methanetetrayltetra(4,1-phenylene)]tetrapyridine",,,,
iodo,"3,3',3'',3'''-[methanetetrayltetra(4,1-phenylene)]tetrapyridine",,,,
iodo,"3,3',3'',3'''-[methanetetrayltetra(4,1-phenylene)]tetrapyridine",,,,
iodo,"3,3',3'',3'''-[methanetetrayltetra(4,1-phenylene)]tetrapyridine",,,,
iodo,"3,3',3'',3'''-[methanetetrayltetra(4,1-phenylene)]tetrapyridine",,,,
,,,,,
"pyrimidine-4,6-dicarboxylate","pyrimidine-4,6-dicarboxylate",oxalate,,,
"biphenyl-4,4'-dicarboxylate","thiophene-2,5-dicarboxylate",,,,
"pyrimidine-4,6-dicarboxylate","pyrimidine-4,6-dicarboxylate",oxalate,,,
"pyrimidine-4,6-dicarboxylate","pyrimidine-4,6-dicarboxylate",oxalate,,,
"pyrimidine-4,6-dicarboxylate","pyrimidine-4,6-dicarboxylate",oxalate,,,
"pyrimidine-4,6-dicarboxylate","pyrimidine-4,6-dicarboxylate",oxalate,,,
"pyrimidine-4,6-dicarboxylate","pyrimidine-4,6-dicarboxylate",oxalate,,,
"pyrimidine-4,6-dicarboxylate","pyrimidine-4,6-dicarboxylate",oxalate,,,
"pyrimidine-4,6-dicarboxylate",oxalate,,,,
oxido,"4H-1,2,4-triazol-4-amine",hydroxido)-dodecakis(aqua)-tetracosaoxo-undeca-(ii)-nona,,,
oxido,"4H-1,2,4-triazol-4-amine",hydroxido)-dodecakis(aqua)-tetracosaoxo-tri-(ii)-octa-(ii)-non,,,
phosphate,oxido,"4H-1,2,4-triazol-4-amine",hydroxido)-dodecakis(aqua)-tetracosaoxo-octa-(ii)-nona,,
phosphate,oxido,"4H-1,2,4-triazol-4-amine",hydroxido)-dodecakis(aqua)-tetracosaoxo-octa-(ii)--nona,,
"Pyridine-3,5-dicarboxylate",,,,,
"3,3'-(hydrazinediylidenedimethanylylidene)dipyridine",5-methoxyisophthalate,,,,
"Imidazole-5,6-dicarboxylate)-(4,4'-bipyridine)-(pyridin",,,,,
"3,3'-(hydrazinediylidenedimethanylylidene)dipyridine",5-ethoxyisophthalate,,,,
"3,3'-(hydrazinediylidenedimethanylylidene)dipyridine",5-methoxyisophthalate,,,,
"3,3'-(hydrazinediylidenedimethanylylidene)dipyridine",5-ethoxyisophthalate,,,,
"4-{4-[3-(1H-imidazol-1-yl)propyl]-4H-1,2,4-triazol-3-yl}pyridine",oxo,(tellanehexayl)hexakis(oxidanido),,,
"3,3'-(1,4-Phenylene)bis(acrylate)",,,,,
"3,3'-(1,4-Phenylene)bis(acrylate)",,,,,
"3-(3,5-dicarboxylatephenoxy)phthalate","1,1'-(1,4-phenylene)bis(1H-imidazole)",,,,
"4,4'-bipyridine","3-(3,5-dicarboxylatephenoxy)phthalate)-triaqua-(ethano",,,,
"benzene-1,2,4,5-tetracarboxylate)-bis(aqu",,,,,
"1,4-Benzenedicarboxylate","1,4-benzenedicarboxylate",hydroxo,,,
"Pyrazole-3,5-dicarboxylate","nitrate-O,O,O'",,,,
hydroxo,"2,2'-(1,2-phenylene)diacetate","piperazine-1,4-diylbis(pyridin-4-ylmethanone)",,,
"2,2'-(1,2-phenylene)diacetate","piperazine-1,4-diylbis(pyridin-3-ylmethanone)",,,,
Glutarate,"1,3-bis(4-pyridyl)propane",,,,
5-fluoronicoate,,,,,
5-chloronicoate,,,,,
"5,5'-(1H-1,2,3-Triazole-1,4-diyl)diisophthalate",,,,,
"5,5'-(1H-1,2,3-Triazole-1,4-diyl)diisophthalate",,,,,
"5,5'-(1H-1,2,3-Triazole-1,4-diyl)diisophthalate",,,,,
"5,5'-(1H-1,2,3-Triazole-1,4-diyl)diisophthalate",,,,,
aqua,"3-methyl-5-(4H-1,2,4-triazol-4-yl)pyridine",,,,
Bromo,"ethylene-1,2-diamine",,,,
"5,5'-[propane-1,3-diylbis(oxy)]bis(benzene-1,3-dicarboxylate))-tetra-aqua-bis(dimethylacetamid",,,,,
"2-(4-fluorophenyl)imidazo[4,5-f][1,10]phenanthrolin-1-yl",,,,,
"2-(phenyl)imidazo[4,5-f][1,10]phenanthrolin-1-yl",,,,,
"5,5'-oxybis(benzene-1,3-dicarboxylate))-tetrakis(aqu",,,,,
bis(2-Pyridine)carboxylate,acetate,,,,
"1,3,5-Benzenetricarboxylate",hydroxo)-diaqua-(dimethylformamid,,,,
isonicoate,,,,,
pyrocarbonate,,,,,
"benzene-1,4-dicarboxylate",hydroxo,,,,
"1-[(3,5-dicarboxylatephenyl)methyl]-4-(pyridin-4-yl)pyridin-1-ium","(2S,3S)-2,3-dihydroxybutanedioat",,,,
"1-[(3,5-dicarboxylatephenyl)methyl]-4-(pyridin-4-yl)pyridin-1-ium","(2R,2R)-2,3-dihydroxybutanedioat",,,,
4-Iodylbenzenesulfonate,,,,,
5'-cytidine-monophosphate,,,,,
"benzene-1,4-dicarboxylate",hydroxo,,,,
"4,4'-bipyrazolate",,,,,
"Hydrogen4,4',4''-phosphoryltribenzoate",,,,,
"1H,1'H-4,4'-bipyrazole",formate,,,,
"4,4',4''-phosphoryltribenzoate","formate-O,O'",,,,
"5-[4-([4,2:6,4-terpyridin]-4-yl)phenoxy]benzene-1,3-dicarboxylate",formate,hydroxo,,,
"5-[4-([4,2:6,4-terpyridin]-4-yl)phenoxy]benzene-1,3-dicarboxylate",formate,hydroxo,,,
"N,N',N'',N'''-tetra(pyridin-4-yl)-1,4,7,10-tetraazacyclododecane-1,4,7,10-tetracarboxamid",,,,,
2-Aminoterephthalate,"1,1'-biphenyl-4,4'-diylbis(1H-imidazole)",,,,
2-Aminoterephthalate,"1,1'-(1,4-phenylenebis",,,,
"u1-bis(2,2,2-tris((4-Carboxylatephenoxy)methyl)ethyl)ether","1,1'-(1,4-phenylene)bis(1H-imidazole)",,,,
L-Tartrate,,,,,
glutarate,oxalate,,,,
"3-Carboxy-5-(4H-1,2,4-triazol-4-yl)benzoate",oxo,oxo)-tetra-oxo-di-(i,,,
,,,,,
chloro,et2-acrylonitrile,,,,
chloro,et2-acrylonitrile,chloro,,,
nicoate,nictoate,,,,
Nicoate,nicoate,,,,
"4,4',4''-s-Triazine-2,4,6-triyltribenzoate",,,,,
"Uracil-5-carboxylate-O,O',O'',O'''",uracil-5-carboxylic,,,,
3-sulfonate-L-alaninate,,,,,
Hydrogenbis(uracil-5-carboxylate),,,,,
"Uracil-5-carboxylate-O,O,O,O',O',O',O''",aqua,,,,
Hydrogenbis(uracil-5-carboxylate),,,,,
"5-sulfobenzene-1,3-dicarboxylate",hydroxo,aqua,,,
aqua,"3,5-dimethylpyrazolate-4-sulfonate)-di-(",,,,
"5-(4-(4,2':6',4''-terpyridin-4'-yl)phenoxy)isophthalate",,,,,
2-methoxy-6-[(2-{4-[(pyridine-4-carbonyl)amino]benzoyl}hydrazinylidene)methyl]phenolate,"terephthalate)-bis(N,N-dimethylacetamid",,,,
2-Sulfonylterephthalate,"1,4-diazabicyclo(2.2.2)octane)-diaqua-di-(i",,,,
azido,"1,1'-bis(3,5-dicarboxylatebenzyl)-4,4'-bipyridiniu",,,,
azido,"1,1'-bis(3,5-dicarboxylatebenzyl)-4,4'-bipyridiniu",,,,
"4,5-imidazoledicarboxylate",,,,,
"4,5-dicarboxylateimidazolate",,,,,
"4,4',4'',4'''-(ethene-1,1,2,2-tetrayl)tetrabenzoate",,,,,
"4,4',4'',4'''-(ethene-1,1,2,2-tetrayl)tetrabenzoate",,,,,
tetrazole-5-carboxylate,"4,4'-propane-1,3-diyldipyridine",,,,
tetrazole-5-carboxylate,"4,4'-propane-1,3-diyldipyridine",,,,
tetrazole-5-carboxylate,"4,4'-propane-1,3-diyldipyridine",,,,
tetrazole-5-carboxylate,"4,4'-propane-1,3-diyldipyridine",,,,
tetrazole-5-carboxylate,"4,4'-propane-1,3-diyldipyridine",,,,
"2,2',7,7'-tetrakis(4-carboxylatephenyl)-9,9'-Spirobi[fluorene",oxo,,,,
"u1-5,5',5''-(Benzene-1,3,5-triyltris",,,,,
"u1-5,5',5''-(1,3,5-benzenetriyltris",,,,,
"u1-5,5',5''-(Benzene-1,3,5-triyltris",,,,,
"5'-(4-(1H-tetrazol-5-yl)benzamido)benzene-1,3-dioate",oxo,,,,
tris(4-(1-(2-pyridin-2-ylhydrazono)ethyl)-phenyl)amin,,,,,
terephthalate,"4,4'-bipyridine1,1'-dioxide",,,,
terephthalate,"4,4'-bipyridine1,1'-dioxide",,,,
"4-(3-(pyridin-4-yloxy)-2,2-bis((pyridin-4-yloxy)methyl)propoxy)pyridin","naphthalene-2,6-dicarboxylate",,,,
"triphenylene-2,6,10-tricarboxylate",,,,,
"Benzene-1,4-dicarboxylate","benzene-1,4-dicarboxylate)-diaqua-bis(N,N-dimethylformamid",,,,
"terephthalate)-diaqua-bis(N,N-dimethylformamid",,,,,
"cyclohexane-1,4-dicarboxylate","1,1'-(1,4-phenylene)bis(1H-imidazole)",,,,
pyridine-4-carboxylate,iodo)-(pyridine-4-carboxylat,,,,
(tetrazoldiyl)acetate,hydroxo,,,,
isonicoate,iodo)-diaqua-penta-(,,,,
,,,,,
"4-(4,5-dicarboxylate-1H-imidazol-2-yl)pyridine",,,,,
"4-(4,5-dicarboxylate-1H-imidazol-2-yl)pyridine",,,,,
"[4-(1H-imidazo[4,5-f][1,10]phenanthrolin-2-yl)-N,N-dimethylanilinate",,,,,
2-(pyridin-4-yl)malonaldehydate,,,,,
2-(pyridin-4-yl)malonaldehydate,,,,,
oxo,"4,4'-bipyridine",oxo)-dodecaoxo-di--hepta-(i,,,
oxo,"4,4'-bipyridine",oxo)-dodecaoxo-di--hepta-(i,,,
oxo,"4,4'-bipyridine",oxo)-dodecaoxo-di--hepta-(i,,,
oxo,"4,4'-bipyridine",oxo)-dodecaoxo-di--hepta-(i,,,
"u1-1,7-bis(4-carboxylatephenoxy)-2,2,6,6-tetrakis((4-carboxylatephenoxy)methyl)-4-oxahepta",,,,,
"u1-1,7-bis(4-carboxylatephenoxy)-2,2,6,6-tetrakis((4-carboxylatephenoxy)methyl)-4-oxahepta",,,,,
carbonate,fluoro,,,,
"u1-1,7-bis(4-carboxylatephenoxy)-2,2,6,6-tetrakis((4-carboxylatephenoxy)methyl)-4-oxahepta",,,,,
"5-amino-2,4,6-triiodoisophthalate","1,1'-butane-1,4-diylbis(2-methyl-1H-imidazole)",,,,
"2,5-diaminobenzene-1,4-dicarboxylate",tetrakis(Imidazol-1-yl)borate,,,,
"naphthalene-2,6-dicarboxylate",,,,,
aqua,"1,1'-(1,4-phenylene)bis(1H-imidazole)",2-(hydrogen,,,
tetrakis(imidazolyl)borate,,,,,
"1,1'-butane-1,4-diylbis(2-methyl-1H-imidazole)",5-t-butylisophthalate,,,,
"1,1'-(1,4-phenylene)bis(1H-imidazole)",2-sulfonateterephthalate,,,,
hydrogen3-phosphonatepropanoate,"3-phosphonatepropanoate)-tetrakis(1,10-phenanthrolin",,,,
"2,2'-((1,1,1,3,3,3-hexafluoropropane-2,2-diyl)bis(4,1-phenyleneoxy))diacetate)-(1,10-phenanthrolin",,,,,
"4,4'-bipyridine","2,2'-{(1,1,1,3,3,3-hexafluoropropane-2,2-diyl)bis[(4,1-phenylene)oxy]}diacetate",,,,
"4,4'-carbonyldibenzoate","5,5'-(1,4-phenylene)di(1H-imidazole)",,,,
"5-carboxybiphenyl-2,4'-dicarboxylate","5,5'-(1,4-phenylene)di(1H-imidazole)",,,,
"N,N,N',N'-tetrakis(carboxylatemethyl)propane-1-amine-3-ammonium",,,,,
"N,N,N',N'-tetrakis(carboxylatemethyl)propane-1-amine-3-ammonium",,,,,
"N,N,N',N'-tetrakis(carboxylatemethyl)propane-1-amine-3-ammonium",,,,,
oxalate,hydrogen,,,,
"N,N,N',N'-tetrakis(carboxylatemethyl)propane-1-amine-3-ammonium",,,,,
"1,1',1''-(1,3,5-triazine-2,4,6-triyl)tris(piperidine-4-carboxylate)",,,,,
"4-(1H-imidazo[4,5-f][1,10]phenanthrolin-2-yl)benzoate",,,,,
"4-(1H-imidazo[4,5-f][1,10]phenanthrolin-2-yl)benzoate",,,,,
"4-hydroxy-5-oxidobenzene-1,3-disulfonate",,,,,
hydroxo,"1H-pyrazole-3,5-dicarboxylate",,,,
"benzene-1,3-dicarboxylate)-bis(ethane-1,2-dio",,,,,
"1,3,6,8-tetra(1H-pyrazol-4-yl)-9H-carbazol",,,,,
iodo,isonicoate)-diaqua-penta-(,,,,
2-(pyrazin-2-yl)quinoline-4-carboxylate)-diaqua-di-(,,,,,
"4,4'-(Pyridine-3,5-diylbis(carbonylimino))dibenzoate",,,,,
"u1-3,3',3'',3''',3'''',3'''''-(Benzene-1,2,3,4,5,6-hexaylhexakis",,,,,
"3,3',3'',3''',3'''',3'''''-(benzene-1,2,3,4,5,6-hexaylhexakis",,,,,
"1,2-bis-(1,2,4-triazol-1-yl)ethane",,,,,
u1-Phosphate,"4,4'-bipyridine","oxo)-bis(2,2'-bipyridine)-octaoxo-tetra-",,,
"4,4'-Oxydibenzene-1,2-carboxylate","4,4'-bipyridine",,,,
"Oxybis(benzene-3,3',4,4'-tetracarboxylate)","4,4'-bipyridine",,,,
,,,,,
"4,4'-bipyridine)bis[m2-(carboxylatemethylsulfanyl)nicoate]-di-(ii)]",,,,,
"4,4'-Bipyridine",hexafluoro-,,,,
"1,2-bis(1-(4-Pyridyl)ethylideneamino)ethane",,,,,
,,,,,
5-((2-methyl-1H-imidazol-1-yl)methyl)isophthalate,,,,,
"2,3-dihydroxybutanedioate","2,3-dioxybutanedioate","4,4'-(ethane-1,2-diyl)dipyridine",aqua,,
2-Hydroxyphosphonoacetate)-(i,,,,,
2-Hydroxy(phosphono)acetate)-(i,,,,,
Fumarate,oxalate,,,,
fumarate,oxalate,,,,
"Squarate-O,O',O''",aqua,,,,
"1,1'-(butane-1,4-diyl)di(1H-imidazole)",2-(4-carboxylatebenzoyl)benzoate,,,,
"4,4'-Bipyridine-N,N'","4,4'-ethyne-1,2-diyldibenzoate-O,O'",,,,
"4,4'-Ethyne-1,2-diylbis(3-methylbenzoate)-O,O',O'',O''","4,4'-bipyridine-N,N'",,,,
"benzene-1,2,4,5-tetracarboxylate","2,5-dicarboxyterephthalate",,,,
"benzene-1,2,4,5-tetracarboxylate","2,5-dicarboxyterephthalate",,,,
"1,2,4,5-Benzenetetracarboxylate",,,,,
"5-Carboxybenzene-1,3-dicarboxylate-O,O',O'',O'''","5-carboxybenzene-1,3-dicarboxylate-O,O',O''","1,2,4-triazol-4-yl",,,
"5-Carboxybenzene-1,3-dicarboxylate-O,O',O'',O'''","5-carboxybenzene-1,3-dicarboxylate-O,O',O''","1,2,4-triazolate-N,N',N''",,,
"5-Carboxybenzene-1,3-dicarboxylate-O,O',O'',O'''","5-carboxybenzene-1,3-dicarboxylate-O,O',O''","1,2,4-triazol-4-yl",,,
"Benzene-1,3,5-tricarboxylate","1,2,4-triazol-4-yl",,,,
"formate-O,O'",,,,,
Terephthalate,"4-(3,5-dimethyl-1H-pyrazol-4-ylmethyl)-3,5-dimethyl-1H-pyrazol",,,,
"4,4'-Biphenyldicarboxylate-O,O,O',O'',O'''","4,4'-biphenyldicarboxylate-O,O',O'',O'''",,,,
"4,4'-Biphenyldicarboxylate-O,O,O',O'',O'''","4,4'-biphenyldicarboxylate-O,O',O'',O'''",,,,
"4,4'-Biphenyldicarboxylate-O,O,O',O'',O'''","4,4'-biphenyldicarboxylate-O,O',O'',O'''",,,,
"4,4'-Biphenyldicarboxylate-O,O,O',O'',O'''","4,4'-biphenyldicarboxylate-O,O',O'',O'''",,,,
"4,4'-Biphenyldicarboxylate-O,O,O',O'',O'''","4,4'-biphenyldicarboxylate-O,O',O'',O'''",,,,
"4,4'-Biphenyldicarboxylate-O,O,O',O'',O'''","4,4'-biphenyldicarboxylate-O,O',O'',O'''",,,,
"4,4'-([(carboxylatemethyl)azanediyl]bis{(ethane-2,1-diyl)[(carboxylatemethyl)azanediyl]methylene})dibenzoate",,,,,
"perylene-3,4,9,10-tetracarboxylate",,,,,
"4,4'-(1,4-Phenylene)-bis(1,2,4-triazole)-N,N',N'',N'","4,4'-(1,4-phenylene)-bis(1,2,4-triazole)-N,",hydroxo,,,
"4,4'-(1,4-Phenylene)-bis(1,2,4-triazole)-N,N',N'',N'","sulfate-O,O',O''",hydroxo,,,
D-Saccharinate,,,,,
u1-hexakis(4-(carboxylatephenyl)oxymethyl)-3-oxapentan,"1,1'-(1,4-phenylene)bis(1H-imidazole)",,,,
u1-hexakis(4-(carboxylatephenyl)oxymethyl)-3-oxapentan,"1,1'-(1,4-phenylene)bis(1H-imidazole)",,,,
"Benzene-1,3,5-tricarboxylate)-(N,N-dimethylformamide-O)-(dimethylsulfoxide",,,,,
"benzene-1,3,5-tricarboxylate)-hexakis(1H-benzimidazol",,,,,
"N,N'-(1,3-phenylene)-bis(oxamate))-hexaaqua-tri-",,,,,
"(hexane-1,6-diylbis{[(phosphonomethyl)azanediyl]methylene})bis[hydrogen",,,,,
"Pyrazole-3,5-dicarboxylate-N,O,O,O',O'',O'''","carbonate-O,O,O',O',O'',O''",,,,
dicyanonitromethanide,,,,,
but-2-enedioate,hydroxo,,,,
"anthracene-9,10-dicarboxylate)-tetrakis(N,N-dimethylformamid",,,,,
,,,,,
"Benzene-1,2,4,5-tetracarboxylate","1,1'-(1,4-phenylenebis",,,,
"Squarate-O,O,O',O'',O'',O'''",hydroxo,,,,
"3,6-bis[(1H-imidazol-5-yl)methyl]piperazine-2,5-dione",oxalate,,,,
5-Aminotetrazolyl,isophthalate,5-aminotetrazolyl,,,
5-Aminotetrazolyl,chloro,,,,
"4,4'-(Methylenebis(3,5-dimethyl-1H-pyrazole-1,4-diyl))dibenzoate)-diaqua-bis(ethanol)-di-",,,,,
"4H-1,2,4-Triazole",fluoro,,,,
"1,4-bis(imidazol-1-ylmethyl)benzene-N,N'",hydrogen,,,,
hydrogen,,,,,
"benzene-1,2,4,5-tetracarboxylate-O,O',O'',O''',O'''',O'''''",,,,,
"1,2,4,5-benzenetetracarboxylate-O,O',O'',O'''","1,3-bis(imidazol-1-ylmethyl)benzene-N,N'",,,,
"Biphenyl-4,4'-dicarboxylate",4-(pyridin-4-yl)benzoate,oxo,,,
Terephthalate,oxo,4-(4-pyridyl)benzoate,,,
Terephthalate,isonicoate,oxo,,,
Oxalate,,,,,
Oxalate,,,,,
Oxalate,,,,,
Oxalate,,,,,
"Thiophene-2,5-dicarboxylate","4,4'-bipyridine",,,,
"Naphthalene-1,4-dicarboxylate",aqua,"1,1'-(butane-1,4-diyl)diimidazole",,,
"Thiophene-2,5-dicarboxylate","4,4'-bipyridine",,,,
"Thiophene-2,5-dicarboxylate","4,4'-bipyridine",,,,
"Ethane-1,2-disulfonate",,,,,
"u1-Butane-1,4-disulfonate",,,,,
3-Carboxy-1-((carboxy-O)methyl)-5-oxopyridiniumat,,,,,
"Pyridine-2,4,6-tricarboxylate",hydroxo),,,,
Malonate,"4'-(4-pyridyl)-4,2':6',4''-terpyridin",,,,
"Benzene-1,3,5-tricarboxylate","1-(3,5-bis(1H-imidazol-1-yl)phenyl)-1H-imidazol",oxo,,,
"Benzene-1,3,5-tricarboxylate","1,1'-biphenyl-4,4'-diylbis(1H-imidazole))-aqu",,,,
"Benzene-1,3,5-tricarboxylate-O,O',O'',O''',O''''","4,4'-bis(1-imidazolyl)biphenyl-N,N')-(aqua",,,,
"benzene-1,3,5-tricarboxylate","1,1'-([1,1'-biphenyl]-4,4'-diyl)di(1H-imidazole))-bis(aqu",,,,
"4,4'-Bi(1,2,4-triazole)","4,4'-bi(1,2,4-triazole))-(nitrate-",,,,
"4,4'-Bi(1,2,4-triazole)",,,,,
"4-chloro-2-oxy-5-hydroxy-3,6-dioxocyclohexa-1,4-diene-1-carbonitrile",,,,,
"Benzene-1,2,4,5-tetracarboxylate",2-(1H-tetrazol-5-yl)pyrazine,,,,
"5-Chloro-6-oxo-1,6-dihydropyridine-3-carboxylate",oxalate,oxalate,,,
"1,1'-biphenyl-4,4'-dicarboxylate",,,,,
"Butane-1,2,3,4-tetracarboxylate","1,2-bis(imidazol-1-ylmethyl)benzene",,,,
"Butane-1,2,3,4-tetracarboxylate","1,3-bis(imidazol-1-ylmethyl)benzene",,,,
"Butane-1,2,3,4-tetracarboxylate","1,4-bis(imidazol-1-ylmethyl)benzene",,,,
Chloro,"bis(imidazol-1-yl)methane-N,N'",,,,
chloro,"1,1'-methylenebis(1H-imidazole)",,,,
"4-Oxypyridine-2,6-dicarboxylate",,,,,
"4-Oxypyridine-2,6-dicarboxylate",,,,,
"4-oxidopyridine-2,6-dicarboxylate",,,,,
"4-Oxypyridine-2,6-dicarboxylate",,,,,
2-hydroxyphosphonoacetate,2-hydroxyphosphonoacetate,hydrogen,,,
"4,5-Dicyanoimidazolyl","4,5-dicyanoimidazolyl",,,,
"4,5-Dicyanoimidazolyl","4,5-dicyanoimidazolyl",,,,
"4,5-Dicyanoimidazolyl","4,5-dicyanoimidazolyl",,,,
"4,5-Dicyanoimidazolyl","4,5-dicyanoimidazolyl",,,,
"4,5-Dicyanoimidazolyl","4,5-dicyanoimidazolyl",,,,
"4,5-Dicyanoimidazolyl","4,5-dicyanoimidazolyl",,,,
"4,5-Dicyanoimidazolyl","4,5-dicyanoimidazolyl",,,,
"4,5-Dicyanoimidazolyl","4,5-dicyanoimidazolyl",,,,
5-((2-carboxylatepyrrolidin-1-yl)carbonyl)isophthalate)-aqua-bis(pyridin,,,,,
"Benzene-1,4-dicarboxylate-2,5-dicarboxylic",,,,,
"Benzene-1,4-dicarboxylate-2,5-dicarboxylic",,,,,
"cyclobutane-1,1-dicarboxylate","4,4'-ethane-1,2-diyldipyridine",,,,
"Isonicoate-N,O",hydroxo,,,,
"Naphthalene-2,6-dicarboxylate",,,,,
"4,4',4''-(benzene-1,3,5-triyltriethyne-2,1-diyl)tribenzoate",,,,,
"1,1'-(butane-1,4-diyl)bis(3-methyl-1,3-dihydro-2H-imidazole-2-thione)",,,,,
azido,hydroxo,isonicoate,,,
"2,6-di(1H-imidazol-1-yl)pyridine","hydrogen3,3',3''-(2,4,6-trioxo-1,3,5-triazinane-1,3,5-triyl)tripropanoate",,,,
azido,"3,5-diamino-1,2,4-triazolate",,,,
azido,"1,1'-(butane-1,4-diyl)bis(1H-tetrazole)",,,,
Tartrate,,,,,
Tartrate,,,,,
"3,8-bis(1H-imidazol-1-yl)-1,10-phenanthroline-N,N',N'',N''","D-camphorate-O,O',O'',O'''",,,,
"D-Camphorate-O,O',O''","3,8-bis(1H-imidazol-1-yl)-1,10-phenanthroline-N,N",,,,
"2,4-bis(carboxylatemethoxy)benzoate",,,,,
isophthalate,,,,,
isophthalate,,,,,
isophthalate,,,,,
bromo,"naphthalene-1,4-dicarboxylate",,,,
"3,5-Diaminobenzoate-N,N',O,O'","azido-N,N''",,,,
"4-carboxy[1,1'-biphenyl]-2,3',5',6-tetracarboxylate)-aqua-bis(2,2'-bipyridin",,,,,
"3,5-Diaminobenzoate-N,N',O,O'","azido-N,N",,,,
"Azido-N,N,N''","4-aminobenzoate-N,O,O'",,,,
aqua,"biphenyl-2,3',4,5',6-pentacarboxylate","1,1'-(1,4-phenylene)bis(1H-imidazole)",,,
"4-carboxy[1,1'-biphenyl]-2,3',5',6-tetracarboxylate","1,1'-(1,4-phenylenebis",,,,
"1,4-Butylene-diphosphonate",aqua,,,,
Acetylenedicarboxylate,oxalate,,,,
"et4-Benzoquinone-O,O'",,,,,
"et4-Benzoquinone-O,O')-hexacarbonyl-(i",,,,,
"propane-1,2,3-tricarboxylate)-tetraoxo-tetra-aqua-(i",,,,,
"propane-1,2,3-tricarboxylate)-(1,4,8,11-tetraazacyclotetradecane)-tetraoxo-(",,,,,
"propane-1,2,3-tricarboxylate)-(5,5,7,12,12,14-hexamethyl-1,4,8,11-tetraazacyclotetradecane)-tetraoxo-(",,,,,
"2,4-Dinitrophenoxo",,,,,
pyridine-3-carboxylate,oxo,iodo)-octa-n-butyl-tetra-(,,,
"2,2',5,5'-tetrafluoro-3,3',6,6'-tetrakis",,,,,
"(2RS,3RS)-Tartrate-O,O',O'',O''',O'''',O''''","oxalate-O,O',O'',O'''",,,,
"3,5-Diethyl-1,2,4-triazolate",,,,,
"3,5-Diethyl-1,2,4-triazolate",,,,,
"3,5-Diethyl-1,2,4-triazolate",,,,,
"1,1'-(butane-1,4-diyl)bis(1H-imidazole)",,,,,
"1,1'-(butane-1,4-diyl)bis(1H-imidazole)",,,,,
"1,2,4,5-tetrakis(4-Methylthiophenyl)ethynylbenzene",bromo,,,,
"1,3,6,8-tetrakis(4-Methylthiophenyl)pyrene",bromo,,,,
"4,4',4''-nitrilotribenzoate",,,,,
"4,3':5',4''-terpyridine",terephthalate,,,,
"4,3':5',4''-terpyridine",terephthalate,,,,
"cyclohexane-1,4-dicarboxylate","4,3':5',4''-terpyridine)-bis(nitrat",,,,
"3-Phosphonatebenzoate-O,O,O',O',O'',O'',O''',O''',O''''","3-phosphonatebenzoate-O,O,O',O'',O'',O''',O''',O''''",,,,
"6-Methyl-3-methoxybenzene-1,2,4,5-tetraolate",,,,,
"pyridine-2,5-dicarboxylate)-tetra-aqua-(i",,,,,
Iminodiacetate)-tri-(i,,,,,
2-(2-Carboxylatevinyl)benzoate,"piperazine-1,4-diylbis(pyridin-4-ylmethanone)",,,,
terephthalate,terephthalate,"4,4'-bipyridine",,,
"3,3'-(ethene-1,2-diyl)dipyridine","thiophene-2,5-dicarboxylate",,,,
"Naphthalene-1,4-dicarboxylate-O,O,O',O'',O'''","naphthalene-1,4-dicarboxylate-O,O',O'',O''')-aqua-(1,10-phenanthroline-5,6-dione-N,N",,,,
"1,3,5-tris(4-carboxylatephenyl)benzene","4,4'-(ethene-1,2-diyl)dipyridine",,,,
"1,3,5-tris(4-carboxylatephenyl)benzene","4,4'-(ethene-1,2-diyl)dipyridine","N,N-dimethylformamide",,,
"Butane-1,2,3,4-tetracarboxylate",,,,,
"1,3,5-tris(4-carboxylatephenyl)benzene","4,4'-(ethene-1,2-diyl)dipyridine)-(N,N-dimethylformamid",,,,
azido-(10-bromo)cobalamin,,,,,
"1H-1,2,4-triazole-3,5-diamine",5-methylisophthalate,,,,
5-Aminoisophthalate,,,,,
5-Aminoisophthalate,,,,,
5-aminoisophthalate,,,,,
"3,5-diamino-triazolate",but-2-enedioate,,,,
"piperazine-1,4-diylbis(pyridin-4-ylmethanone)",2-[2-carboxylateethenyl]benzoate,,,,
2-chlorobenzoate,"2,3,5-trimethylpyrazine",,,,
"Thiocyanate-S,S,S",2-aminopyrimidine-1:3,,,,
"4,4'-Diazenediyldibenzoate-O,O',O'',O'''",,,,,
dicyanamide,,,,,
"4,4'-(1,1,1,3,3,3-Hexafluoropropane-2,2-diyl)dibenzene-1,2-dicarboxylate",,,,,
"1-((4-Carboxylatephenyl)methyl)pyridin-1-ium-3,5-dicarboxylate","1,2-bis(4-pyridyl)ethene",,,,
hydroxo,oxalate,,,,
hydroxo,oxalate,,,,
,,,,,
terephthalate,"4,7-bis(pyridin-4-yl)-2,1,3-benzothiadiazol",,,,
terephthalate,"4,7-di(pyridin-4-yl)-2,1,3-benzothiadiazol",,,,
oxalate,"benzene-1,4-dicarboxylate",,,,
"4,4'-(ethene-1,2-diyl)dipyridine","4,4',4''-nitrilotribenzoate",,,,
chloro,2-ethylpyrazine,,,,
"Benzene-1,3,5-tris(isonicoate)",,,,,
4-(((pyridin-4-ylmethylene)hydrazono)methyl)pyridine,"thiophene-2,5-dicarboxylate",,,,
"naphthalene-2,6-dicarboxylate",4-(((pyridin-4-ylmethylene)hydrazono)methyl)pyridine,,,,
"4-((1'-(4-cyanobenzyl)-4,4'-bipiperidin-1-yl)methyl)benzonitril",nitrate,,,,
"4-((1'-(4-cyanobenzyl)-4,4'-bipiperidin-1-yl)methyl)benzonitril",nitrate,,,,
"4-((1'-(4-cyanobenzyl)-4,4'-bipiperidin-1-yl)methyl)benzonitril",perchlorate,,,,
nicoate,acetate,oxo,nicoate,oxo,
4-(2-(4-(2-(pyridin-4-yl)vinyl)phenyl)vinyl)pyridine,terephthalate,,,,
"2,5-dicarboxybenzene-1,4-dicarboxylate",oxalate,,,,
"2,5-dimethoxybenzene-1,4-dicarboxylate",,,,,
"2,5-dimethoxybenzene-1,4-dicarboxylate",,,,,
"4,4'-(1,2,4,5-tetrazine-3,6-diyl)dibenzoate",hydroxo,oxido,,,
2-(4-carboxylatebenzene-1-carbonyl)benzoate,"hydroxo)-tetrakis(2,2'-bipyridin",,,,
"4,4',4''-(benzene-1,3,5-triyl)tris(hydrogen",,,,,
"Benzene-1,3,5-tricarboxylate","hydroxo)-(2,2'-bipyridin",,,,
"Benzene-1,3,5-tricarboxylate","hydroxo)-(2,2'-bipyridin",,,,
"Pyridine-1,3,5-tricarboxylate)-bis(2,2'-bipyridin",,,,,
"4,4'-bipyridine","5-carboxy-2-(1H-pyrrol-1-yl)benzene-1,3-dicarboxylate",,,,
"4,4'-bipyridine","5-carboxy-2-(1H-pyrrol-1-yl)benzene-1,3-dicarboxylate",,,,
"[1,1'-biphenyl]-3,3',4,4'-tetracarboxylate","1,1',1''-[(2,4,6-trimethylbenzene-1,3,5-triyl)tris",,,,
"2,2'-(1,4-phenylene)bis(N-(pyridin-3-yl)acetamide)",,,,,
4-carboxyisophthalate,"2,4,6-tri(pyridin-4-yl)-1,3,5-triazin",,,,
"2,5-dihydroxybenzene-1,4-dicarboxylate","2,5-dioxybenzene-1,4-dicarboxylate","2,4,6-tri(pyridin-4-yl)-1,3,5-triazin",,,
hydroxo,"5-sulfonatebenzene-1,2,4-tricarboxylate","2,4,6-tri(pyridin-4-yl)-1,3,5-triazin",,,
"pyridine-2,4-dicarboxylate",,,,,
"4,4'-oxydibenzoate","4,4'-(propane-1,3-diyl)dipyridine",,,,
"1,3-Propanedioate","1,3-propanedioate",,,,
Malonate,malonate,,,,
"Hydrogen(1-hydroxy-2-(1H-imidazol-1-yl)ethane-1,1-diyl)diphosphonate","1,2-bis(4-pyridyl)ethene",,,,
"4,4'-(Pyridine-3,5-diyl)di-isophthalate",formate,,,,
"2,5-dimethyl[1,1:4,1-terphenyl]-4,4-dicarboxylate","4,4'-(2,5-dimethyl-1,4-phenylene)dipyridine",,,,
"2,5-dimethyl[1,1:4,1-terphenyl]-4,4-dicarboxylate","4,4'-(2,5-dimethyl-1,4-phenylene)dipyridine",,,,
Malonate,malonate,,,,
malonate,malonate,,,,
"N,N'-bis(3,5-Dicarboxylatephenyl)pyromelliticdi-imide)-bis(dimethylformamid",,,,,
"N,N'-bis(3,5-Dicarboxylatephenyl)pyromelliticdi-imide","N,N'-bis(3,5-dicarboxylatephenyl)pyromellitic",,,,
"2,5-dioxido-1,4-benzoquinone",,,,,
"4-[5,11,12,17,18-pentakis(4-(carboxylate)phenyl)pentacyclo[6.6.6.2,7.9,14.15,20]icosa-2,4,6,9,11,13,15,17,19-nonaen-4-yl]benzoate",,,,,
"4-(((3,5-bis(((4-Carboxylatephenyl)carbamoyl)amino)phenyl)carbamoyl)amino)benzoate",oxo,,,,
"u1-5,5',5''-(benzene-1,3,5-triyltris(carbamoylimino))triisophthalate",,,,,
"u1-5,5',5''-(benzene-1,3,5-triyltris(carbamoylimino))triisophthalate",,,,,
"4,4',4''-(Benzene-1,3,5-triyltris","4,4'-bipyridine",,,,
Terephthalate)-diaqua-tetrakis(dimethylformamid,,,,,
"4,4',4''-(Benzene-1,3,5-triyltris","4,4'-bipyridine",,,,
"4,4'-propane-1,3-diyldipyridine","pyridine-2,5-dicarboxylate",,,,
"4,4'-propane-1,3-diyldipyridine","pyridine-2,5-dicarboxylate",,,,
"4,4'-bipyridine",chloro,orthosilicate,oxo,,
"1,2,4-Triazolido-N,N',N''",,,,,
"1,2,4-Triazolido-N,N',N''",,,,,
"2,5-dioxidobenzene-1,4-dicarboxylate","2,5-dihydroxybenzene-1,4-dicarboxylate)-diaqua-bis(N,N-dimethylformamid",,,,
"4,4'-bipyridine",3-carboxylate-1-(4-carboxylatebenzyl)pyridinium,,,,
"Benzimidazolate-N,N'","4,4'-bipyridine-N,N'",,,,
"4,4'-Bipyridine-N,N'","imidazolate-N,N'",,,,
oxalate,,,,,
oxalate,oxalate,,,,
oxalate,hydroxo,,,,
ethanedioate,hydroxo,,,,
"N,N',N''-tris(3-Pyridylmethyl)-1,3,5-benzenetricarboxamid",azido,,,,
"5,5'-methanediyldibenzene-1,3-dicarboxylate",,,,,
"5-(3-Carboxy-5-carboxylatebenzyl)benzene-1,3-dicarboxylate",hydroxo)-triaqua-(dimethylformamide-,,,,
"5,5'-Methanediyldibenzene-1,3-dicarboxylate",hydroxo,,,,
"1,4-bis(4-(1H-imidazol-1-yl)benzyl)piperazine","2,2'-biquinoline-4,4'-dicarboxylate",,,,
"1,4-bis(4-(1H-imidazol-1-yl)benzyl)piperazine","2,2'-biquinoline-4,4'-dicarboxylate",,,,
,,,,,
"biphenyl-3,3',5,5'-tetracarboxylate",aqua,,,,
"5-hydroxyisophthalate-O,O':O'',O'''","4,4'-stilbenedicarboxylate-O,O':O'',O'''",,,,
"2,5-bis(1H-1,2,4-triazol-1-yl)terephthalate",,,,,
Terephthalate,fluoro,hydroxo,,,
5-(Pyridin-3-yl)tetrazolate,oxo,5-(pyridin-3-yl)tetrazolate,oxo,oxo)-dioxo-tri-(v,
Oxo,5-(pyridin-2-yl)tetrazolate,oxo,oxo)-tetra-oxo-tetra-(v,,
Oxo,5-(pyrazin-2-yl)tetrazolate,oxo,oxo)-trioxo-tetra-(v,,
"hydrogenbenzene-1,3,5-tricarboxylate","2,4,6-tris[2-(pyridin-4-yl)ethenyl]-1,3,5-triazine",,,,
"1,1',1'',1'''-[ethene-1,1,2,2-tetrayltetrakis(4,1-phenylene)]tetrakis(1H-imidazole)","4,4'-carbonyldibenzoate",,,,
"4,4'-(ethene-1,2-diyl)dipyridine","3,3'-(1,2-dioxide-1,2-diazene-1,2-diyl)bis(benzene-1,2-dicarboxylate)",,,,
,,,,,
"Benzene-1,4-dicarboxylate-O,O',O'',O'''","benzene-1,4-dicarboxylate-O,O',O'',O''')-diaqua-bis(dimethylformamide-",,,,
"Benzene-1,4-dicarboxylate-O,O',O'',O'''","benzene-1,4-dicarboxylate-O,O',O'',O''')-diaqua-bis(dimethylformamide-",,,,
"4,4'-Azodibenzoate-O,O',O'',O'''","4,4'-azodibenzoate-O,O',O'',O''')-tetrakis(dimethylsulfoxid",,,,
"4,4'-Azodibenzoate-O,O',O'',O'''","4,4'-azodibenzoate-O,O',O'',O''')-tetrakis(dimethylsulfoxid",,,,
"4,4'-Azodibenzoate-O,O',O'',O'''","4,4'-azodibenzoate-O,O',O'',O''')-tetrakis(dimethylsulfoxid",,,,
"4,4'-Azodibenzoate-O,O',O'',O'''","4,4'-azodibenzoate-O,O',O'',O''')-tetrakis(dimethylsulfoxid",,,,
"4,4'-Azodibenzoate-O,O,O',O'',O'',O'''","4,4'-azodibenzoate-O,O,O',O'',O'''","4,4'-azodibenzoate-O,O',O'',O'''",,,
"N,N',N''-(benzene-1,3,5-triyl-tricarbonyl)-tris(L-alaninate","4,4'-bipyridine",,,,
,,,,,
"N,N',N''-(benzene-1,3,5-triyl-tricarbonyl)-tris(D-alaninate","4,4'-bipyridine",,,,
,,,,,
"N,N',N''-(benzene-1,3,5-triyl-tricarbonyl)-tris(D-alaninate","4,4'-bipyridine",,,,
,,,,,
"benzene-1,2,4-tricarboxylate",,,,,
selenido,,,,,
pyrimidine-5-carboxylate,pyrimidine-5-carboxylate,,,,
pyrimidine-5-carboxylate,,,,,
pyrimidine-5-carboxylate,,,,,
pyrimidine-5-carboxylate,,,,,
"pyridine-2,5-dicarboxylate",,,,,
,,,,,
"4,4'-[(5-carboxylate-1,3-phenylene)bis(oxymethylene)]dibenzoate",hydroxido,,,,
"hydrogen4,4'-[(5-carboxylate-1,3-phenylene)bis(oxymethylene)]dibenzoate",,,,,
p-Aminobenzoate,,,,,
4-(5-carboxypyridin-2-yl)isophthalate,hydrogen,,,,
bis(2-Hydroxyethyl)(2-oxyethyl)amine,cyano,,,,
"3,5-Di-n-butyl-1,2,4-triazolate",,,,,
"Cyano-C,N",2-iodopyrazine,,,,
"4,4',4'',4'''-Cyclobutane-1,2,3,4-tetrayltetrapyridine",,,,,
"naphthalene-2,6-dicarboxylate","naphthalene-2,6-dicarboxylate","1,3,5,7-tetraazatricyclo[3.3.1.3,7]decane)-(N,N-dimethylformamid",,,
"naphthalene-2,6-dicarboxylate","naphthalene-2,6-dicarboxylate","1,3,5,7-tetraazatricyclo[3.3.1.3,7]decane)-(N,N-dimethylformamid",,,
"naphthalene-2,6-dicarboxylate","naphthalene-2,6-dicarboxylate","1,3,5,7-tetraazatricyclo[3.3.1.3,7]decane)-(N,N-dimethylformamid",,,
"naphthalene-2,6-dicarboxylate","naphthalene-2,6-dicarboxylate","1,3,5,7-tetraazatricyclo[3.3.1.3,7]decane)-(N,N-dimethylformamid",,,
dicyanamido,pyridin-3-amine,,,,
"benzene-1,2,4,5-tetracarboxylate","benzene-1,2,4,5-tetracarboxylate",,,,
"benzene-1,2,4,5-tetracarboxylate","benzene-1,2,4,5-tetracarboxylate",,,,
"benzene-1,2,4,5-tetracarboxylate","benzene-1,2,4,5-tetracarboxylate",,,,
"benzene-1,2,4,5-tetracarboxylate","benzene-1,2,4,5-tetracarboxylate",,,,
"benzene-1,2,4,5-tetracarboxylate","benzene-1,2,4,5-tetracarboxylate",,,,
terephthalate,,,,,
terephthalate,,,,,
terephthalate,terephthalate,,,,
formate,,,,,
formate,,,,,
formate,,,,,
formate,,,,,
5-methylisophthalate,5-methylisophthalate,,,,
formate,,,,,
formate,,,,,
"tetra(benzimidazole)resorcin[4]arene)-tetrakis(N,N-dimethylformamid",,,,,
,,,,,
"4,4'-Ethene-1,2-diyldibenzoate","4,4'-ethene-1,2-diyldibenzoate",,,,
"Pyrrolidine-1-carbodithioate-S,S,S',S'",bromo)-tetra-(,,,,
"[1,1'-biphenyl]-3,3',5,5'-tetracarboxylate",hydroxo,,,,
"[1,1'-biphenyl]-3,3',5,5'-tetracarboxylate",hydroxo,,,,
"[1,1'-biphenyl]-3,3',5,5'-tetracarboxylate",hydroxo,,,,
"[1,1'-biphenyl]-3,3',5,5'-tetracarboxylate",hydroxo,,,,
"[1,1'-biphenyl]-3,3',5,5'-tetracarboxylate",hydroxo,,,,
"[1,1'-biphenyl]-3,3',5,5'-tetracarboxylate",oxo,,,,
"[1,1'-biphenyl]-3,3',5,5'-tetracarboxylate",oxo,,,,
"[1,1'-biphenyl]-3,3',5,5'-tetracarboxylate",oxo,,,,
"[1,1'-biphenyl]-3,3',5,5'-tetracarboxylate",oxo,,,,
"[1,1'-biphenyl]-3,3',5,5'-tetracarboxylate",oxo,,,,
"[1,1'-biphenyl]-3,3',5,5'-tetracarboxylate",oxo,,,,
"[1,1'-biphenyl]-3,3',5,5'-tetracarboxylate",oxo,,,,
"[1,1'-biphenyl]-3,3',5,5'-tetracarboxylate",hydroxo,,,,
"[1,1'-biphenyl]-3,3',5,5'-tetracarboxylate",deuteroxy,oxo,,,
"[1,1'-biphenyl]-3,3',5,5'-tetracarboxylate",hydroxy,oxo,,,
formate,,,,,
formate,,,,,
"4-(5-carboxylatepyridin-2-yl)benzene-1,3-dicarboxylic",,,,,
"4-Phosphonatebutane-1-sulfonate-O,O,O',O',O'',O''',O''''",,,,,
"4-Phosphonatebutane-1-sulfonate-O,O,O',O',O'',O''',O''''",,,,,
"1,4-Phenylenediacetate-O,O'","1,4-bis(2-(4-pyridyl)ethenyl)benzene-N,N'",,,,
"Pyridine-2,3,5,6-tetracarboxylate)-tetra-aqua-(",,,,,
"[2,2'-bipyridine]-5,5'-dicarboxylate",,,,,
"[2,2'-bipyridine]-5,5'-dicarboxylate",,,,,
"Glutarate-O,O,O',O',O'',O'',O'''",,,,,
"cyclopentane-1,2,3,4-tetracarboxylate","4,4'-diazene-1,2-diyldipyridine",,,,
"cyclopentane-1,2,3,4-tetracarboxylate","1,1'-(1,4-phenylene)bis(1H-imidazole)",,,,
"9-(pyridin-4-yl)-9H-carbazole-3,6-dicarboxylat",,,,,
"1,1':4',1''-Terphenyl-2,2',2'',4,4'',5'-hexacarboxylate","1,4-bis(1H-imidazol-1-yl)butane",,,,
"1,1',1''-benzene-1,3,5-triyltris(1H-imidazole)","2,2''-dicarboxy-1,1':4',1''-terphenyl-2',4,4'',5'-tetracarboxylate",,,,
"4,4''-Dicarboxy-1,1':4',1''-terphenyl-2,2',2'',5'-tetracarboxylate","4,4'-bis(1H-imidazol-1-yl)biphenyl","2,2'',4,4''-tetracarboxy-1,1':4',1''-terphenyl-2',5'-dicarboxylate",,,
formate,,,,,
formate,,,,,
formate,,,,,
formate,,,,,
formate,,,,,
formate,,,,,
formate,,,,,
formate,,,,,
formate,,,,,
"3,3',3'',3'''-[1,4,8,11-tetraazacyclotetradecane-1,4,8,11-tetrayltetrakis",,,,,
sulfido,"4,4'-biphenyl-4,4'-diyldipyridine",sulfido,"4,4'-biphenyl-4,4'-diyldipyridine",sulfido,
"pyridine-2,3,5,6-tetracarboxylate","4-(2-(pyridin-4-yl)vinyl)benzoate-N,O,O'","4-(2-(pyridin-4-yl)vinyl)benzoate-N,O",,,
"pyridine-2,3,5,6-tetracarboxylate","4-(2-(pyridin-4-yl)vinyl)benzoate-N,O,O'","4-(2-(pyridin-4-yl)vinyl)benzoate-N,O",,,
"2-[(pyridine-4-carbonyl)amino]benzene-1,4-dicarboxylate",,,,,
"pyridine-2,3-dicarboxylate","pyridine-2,3-dicarboxylate",,,,
"pyridine-2,3-dicarboxylate",thiocyanate,thiocyanate)-triaqua-(i,,,
D-camphorate,"1,4-bis(pyridin-4-yl)piperazine",,,,
"2-(4,2':6',4''-terpyridin-4'-yl)benzoate",adipate,,,,
3-(carboxylatemethoxy)phthalate,"4,4'-bipyridine",,,,
oxalate,"4-oxo-4H-pyran-2,6-dicarboxylate)-bis(2,2'-bipyridin",,,,
"[1,1'-biphenyl]-3,4',5-tricarboxylate",,,,,
"4-(3-(4H-1,2,4-triazol-4-yl)phenyl)-4H-1,2,4-triazol",hydrogen,,,,
"4-(3-(4H-1,2,4-triazol-4-yl)phenyl)-4H-1,2,4-triazol","benzene-1,2,4,5-tetracarboxylate",cyano,,,
tetrafluoroterephthalate,hydroxo,,,,
tetrafluoroterephthalate,hydroxo,,,,
"pyrimidine-2,4,6(1H,3H,5H)-trion",bromo,,,,
"pyrimidine-2,4,6(1H,3H,5H)-trion",bromo,,,,
adeninate,"cyclohexane-1,4-dicarboxylate",,,,
adeninate,"cyclohexane-1,4-dicarboxylate",,,,
terephthalate)-diaqua-(i,,,,,
"4,4'-(1,2-Dimethoxyethane-1,2-diyl)dibenzoate-O,O,O',O'',O'''","4,4'-(1,2-dimethoxyethane-1,2-diyl)dibenzoate-O,O',O'',O''')-bis(N,N-diethylformamid",,,,
succinate,"3,6-bis(pyridin-4-yl)pyridazine",,,,
Phthalate,bis(4-pyridylformyl)piperazine,,,,
"pyridine-3,5-dicarboxylate)-aqua-dichloro-tetrakis(N,N-dimethylformamid",,,,,
"1,1':3',1''-terphenyl-4,4'',5'-tricarboxylate",,,,,
"5-(3,5-bis(4-carboxyphenyl)phenyl)benzene-1,3-dicarboxylate",,,,,
"5-(3,5-bis(4-carboxyphenyl)phenyl)benzene-1,3-dicarboxylate",,,,,
"4-(3,5-bis(3,5-dicarboxyphenyl)phenyl)benzoate",,,,,
sulfido,"4,4'-(anthracene-9,10-diyl)dipyridine",,,,
sulfido,"4,4'-(naphthalene-1,4-diyl)dipyridine",cyano,,,
"N,N'-dibenzylpyrazine-2,6-dicarboxamidate",nitrate)-(ethano,,,,
aqua,hydrogen,,,,
"4-Carboxy-5-carboxylateimidazolido-1,3,O,O,O'","1,4-bis(imidazol-1-ylmethyl)benzene-3,N3",,,,
"1,1':4',1''-terphenyl-3,4'',5-tricarboxylate",,,,,
"1,1':4',1''-terphenyl-3,4'',5-tricarboxylate",,,,,
"1,1':4',1''-terphenyl-3,4'',5-tricarboxylate",,,,,
"1,1':4',1'':4'',1'''-quaterphenyl-3,4''',5-tricarboxylate",,,,,
"1,1':4',1'':4'',1'''-quaterphenyl-3,4''',5-tricarboxylate",,,,,
"1,1':4',1'':4'',1'''-quaterphenyl-3,4''',5-tricarboxylate",,,,,
"biphenyl-3,4',5-tricarboxylate",,,,,
"2,5-Thiophenedicarboxylate-O,O',O'',O'''",,,,,
"2,5-dihydroxyterephthalate","tetra-1H-imidazol-1-ylborate)-bis(N,N-dimethylformamid",,,,
"benzene-1,3,5-tricarboxylate","5-carboxybenzene-1,3-dicarboxylate",tetra-1H-imidazol-1-ylborate,,,
"iodo)-(1,4-diazabicyclo[2.2.2]octan",,,,,
formate)-tri-(i,,,,,
"Oxalate-O,O,O',O'',O'',O'''","oxalate-O,O,O',O'',O'''",aqua)-(ii,,,
3-(pyridin-3-yl)acrylate,bromo,oxalate)-diaqua-tetra-(,,,
3-(pyridin-3-yl)acrylate,iodo,,,,
3-(pyridin-3-yl)acrylate,iodo,,,,
3-(pyridin-3-yl)acrylate,iodo,,,,
3-(pyridin-3-yl)acrylate,iodo,,,,
3-(pyridin-3-yl)acrylate,iodo,oxalate,,,
3-(pyridin-3-yl)acrylate,bromo,,,,
3-(pyridin-3-yl)acrylate,iodo,oxalate,,,
3-(pyridin-3-yl)acrylate,bromo,oxalate,,,
3-(pyridin-3-yl)acrylate,iodo,oxalate,,,
3-(pyridin-3-yl)acrylate,bromo,,,,
3-(pyridin-3-yl)acrylate,bromo,,,,
N-(pyridin-4-ylmethyl)-L-leucinat,,,,,
"6-chloro-2H-1,2,4-benzothiadiazine-7-sulfonamide",,,,,
"hydrogen1,1'-biphenyl-3,4',5-tricarboxylate","2,4,6-tris(pyridin-4-yl)-1,3,5-triazin",,,,
"benzene-1,3,5-tricarboxylate","2,4,6-tris(pyridin-4-yl)-1,3,5-triazin",aqua,,,
"benzene-1,3,5-tricarboxylate",chloro,"2,4,6-tris(pyridin-4-yl)-1,3,5-triazin",,,
"2,6-dimethylpyridine-3,5-dicarboxylate","2,4,6-tris(pyridin-4-yl)-1,3,5-triazin",,,,
aqua,"8-oxy-1,3,4,6,7,9,9b-heptaazaphenalene-2,5(1H,3H)-dionat",,,,
"dihydrogen[1,1:4,1-terphenyl]-3,5,2,5,3,5-hexacarboxylate)-dodeca-aqua-bis(dimethylformamid",,,,,
dihydrogen,,,,,
"4-(4H-1,2,4-Triazol-4-yl)benzoate",,,,,
"1,3-dicarboxylatebenzene-5-sulfonate",aqua,,,,
oxalate,aqua,oxalate,,,
oxalate,aqua,oxalate,,,
3-(3-Pyridyl)acrylate,,,,,
3-(3-Pyridyl)acrylate,,,,,
3-(3-Pyridyl)acrylate,,,,,
"1,4-bis((1H-Imidazol-1-yl)methyl)benzene",5-hydroxyisophthalate,,,,
"1,4-bis(imidazol-1-ylmethyl)benzene","5-hydroxybenzene-1,3-dicarboxylate",,,,
"4-((1-carboxylatenaphthalen-2-yl)oxy)benzene-1,2-dicarboxylate","1,4-bis(1H-imidazol-1-yl)butane",,,,
"4-((1-carboxylatenaphthalen-2-yl)oxy)benzene-1,2-dicarboxylate","1,4-bis(1H-imidazol-1-yl)butane",,,,
Oxo,oxo,"1,4-bis(1-imidazolyl)benzene",oxo,,
Oxo,oxo,"1,4-bis(1-imidazolyl)benzene",oxo,,
"2,4-Dioxo-1,2,3,4-tetrahydropyrimidine-5-carboxylate","2,4-dioxo-1,2,3,4-tetrahydropyrimidine-5-carboxylate",,,,
terephthalate,tetracosa-oxo-hexadeca-boron,,,,
terephthalate,tetracosa-oxo-hexadeca-boron,,,,
pyromellitate,,,,,
"N,N'-bis(tetrazolate)hydrazine",hydrazine,,,,
Cyano)-tetra-aqua-(pyridazine-,,,,,
cyano)-tetraaqua-cyano-(pyridazine)-di-(,,,,,
Cyano)-tetra-aqua-bis(pyridazine-,,,,,
Cyano)-(pyridazine-,,,,,
iodate,"4,4'-diazenediylbis(4H-1,2,4-triazole)",,,,
"2,6-bis(4-carboxylatephenyl)-4,4'-bipyridin","2,6-bis(4-carboxyphenyl)-4,4'-bipyridin",,,,
"2,6-bis(4-carboxylatephenyl)-4,4'-bipyridin",,,,,
5-methyltetrazolate,hydroxo,,,,
"Pyridine-2,6-dicarboxylate","pyridine-2,6-dicarboxylate",,,,
"Pyridine-2,6-dicarboxylate","pyridine-2,6-dicarboxylate",,,,
hydrogen,,,,,
,,,,,
malonate,malonate,,,,
hexamethylenetetramine,"naphthalene-1,5-disulfonate",,,,
"1,2,4-triazolate",tartarate,,,,
Oxalate,sulfate,sulfate,,,
"Pyridine-3,4-dicarboxylate",,,,,
"Pyridine-3,4-dicarboxylate",,,,,
"Benzene-1,3-dicarboxylate-O,O':O'',O'''","2,4,6-tris(4-pyridyl)-1,3,5-triazine-N:N",,,,
"Benzene-1,4-dicarboxylate-O,O',O''","2,4,6-tris(4-pyridyl)-1,3,5-triazine-N,N',N'",,,,
5-(6-carboxylatenaphthalen-2-yl)tetrazolate,,,,,
5-(6-carboxylatenaphthalen-2-yl)tetrazolate,,,,,
"2,3,5,6-Tetrachlorobenzene-1,4-disulfonate",aqua,,,,
benzotriazolate-6-carboxylate,tetrazolate,,,,
u1-Silicate,"pyrazine-2-carboxylate-N,N',O,O'",oxo)-diaqua-hexa-oxo-tri-(i)-tri-(,,,
"2,5-dioxidoterephthalate",,,,,
"2,5-dioxidoterephthalate",,,,,
u1-Germanate,"pyrazine-2-carboxylate-N,N',O,O'",oxo)-diaqua-hexa-oxo-tri-(i)-tri-(,,,
"4,4'-(propane-1,3-diyl)dipyridine",tetrazol-1-yl-5-carboxylate,,,,
"4,4'-(propane-1,3-diyl)dipyridine",tetrazol-1-yl-5-carboxylate,,,,
"2,5-dioxidoterephthalate",,,,,
"4,4'-(propane-1,3-diyl)dipyridine",tetrazol-1-yl-5-carboxylate,,,,
"5-(6-carboxylatepyridin-3-yl)benzene-1,3-dicarboxylate",,,,,
5-(6-carboxylatepyridin-3-yl)isophthalate,,,,,
"4,4'-bipyridine",5-(6-carboxylatepyridin-3-yl)isophthalate,,,,
5-(6-carboxylatepyridin-3-yl)isophthalate,,,,,
oxo,oxo,"1,1'-(1,4-phenylene)bis(1H-imidazole)",oxo)-bis(1-(4-(1H-imidazol-1-yl)phenyl)-1H-imidazol-3-i,,
"2,2'-(1,2-phenylene)diacetate","4,4'-bipyridine",,,,
"benzene-1,3,5-tricarboxylate","1,2,3-benzenetriazolyl)-bis(N,N-dimethylacetamid",,,,
"4,4'-propane-1,3-diyldipyridine","2,2',2'',2''',2'''',2'''''-(1,3,5-triazine-2,4,6-triyltrinitrilo)hexaacetate)triaqua-tri-",,,,
"thiophene-2,5-dicarboxylate)-diaqua-bis(N,N-dimethylacetamid",,,,,
quinoline-5-carboxylate,,,,,
quinoline-5-carboxylate,,,,,
quinoline-5-carboxylate,,,,,
quinoline-5-carboxylate,,,,,
"naphthalene-2,6-diylbis(phosphonate)",,,,,
oxo,"phthalate)-diaqua-(5,5,7,12,12,14-hexamethyl-1,4,8,11-tetra-azacyclotetradecan",,,,
"Cyano-C,N","tetramethylpyrazine-N,N'",,,,
5-Benzyltetrazolate,chloro,,,,
"1,1'-([1,1'-biphenyl]-4,4'-diyl)bis(1H-benzimidazole)","4,4'-([4,4'-bipyridine]-2,6-diyl)dibenzoate",,,,
"[1,1'-biphenyl]-3,4',5-tricarboxylate","1,1'-(butane-1,4-diyl)di(1H-imidazole)",,,,
"4,6-dimethylpyrimidine-2-thiolate",iodo,,,,
"4,6-dimethylpyrimidine-2-thiolate",iodo,,,,
"1,1'-biphenyl-3,3'-dicarboxylate","1,2-bis(4-pyridyl)ethene",,,,
5-sulfoisophthalate,hydroxo,"4,4'-bipyridyl)-bis(4,4'-bipyridy",,,
aqua,"hydrogen1H-imidazole-4,5-dicarboxylate",,,,
"N,N'-bis(Pyridin-4-ylmethylene)hydrazine-N,N'",,,,,
"N,N'-bis(1-(Pyridin-4-yl)ethylidene)hydrazine-N,N'",,,,,
"4',4'',4'''-nitrilotris([1,1'-biphenyl]-4-carboxylate)",,,,,
tetrakis(4-Methyloxabenzoate)methane,,,,,
tetrakis(4-Methyloxabenzoate)methane,,,,,
"9H-carbazole-2,7-dicarboxylate",oxido,dimethyl,,,
Cyano,pyrimidine,,,,
"et6-N-(((2,6-dimethylphenyl)imino)(phenyl)methyl)benzamido",,,,,
"3,5-Dicarboxybenzenesulfonate","urea-N,O",,,,
"Glutarate-O,O,O',O'',O'',O'''","glutarate-O,O,O',O'',O'',O'''","glutarate-O,O',O'',O'''",,,
Oxalate)-diaqua-(ii,,,,,
Oxalate,aqua)-diaqua-di-cesium(,,,,
isophthalate,"4,4'-oxybis(N-(pyridin-4-yl)benzamide)",,,,
"4,4'-oxybis(N-(pyridin-4-yl)benzamide)",terephthalate,,,,
"4,4'-oxybis(N-(pyridin-4-yl)benzamide)",terephthalate,,,,
"4,4'-oxybis(N-(pyridin-4-yl)benzamide)",terephthalate,,,,
"3-(4H-1,2,4-triazol-4-yl)-5-(trifluoromethyl)pyridin",,,,,
"1,1'-propane-1,3-diylbis(pyridine-4-carboxylate)",azido,,,,
"4,4'-[(1,2-diphenylethene-1,2-diyl)di(4,1-phenylene)]dipyridine",5-hydroxyisophthalate,,,,
"Benzene-1,4-dicarboxylate)-bis(dimethylformamid",,,,,
"Benzene-1,2,3,4-tetracarboxylate",,,,,
"Benzene-1,2,3,4-tetracarboxylate",oxo),,,,
"Benzene-1,2,3,4-tetracarboxylate",oxo),,,,
"Benzene-1,2,3,4-tetracarboxylate","1,1'-butane-1,4-diylbis(1H-imidazole)",,,,
tris(2-carboxylateethyl)isocyanurate,hydroxo,,,,
(E)-3-Amino-3-(3-pyridyl)acrylat,,,,,
Hydroxo,"(E)-3-(3-pyridyl)acrylate-N,",,,,
3-Amino-3-(3-pyridyl)propionate)-(nitrate-,,,,,
"3-Amino-3-(3-pyridyl)propionate-N,N',O,O'","3-ammonio-3-(3-pyridyl)propionate-N,O,O'",,,,
hydroxo,oxo,"3,3',3''-(2,4,6-trioxo-1,3,5-triazinane-1,3,5-triyl)tripropanoate",,,
"benzene-1,2,3,4-tetracarboxylate","1,1'-(1,3-phenylenebis",,,,
"adamantane-1,3-dicarboxylate","1,4-bis(pyridin-3-ylmethyl)piperazine",,,,
"5,15-bis(3-(phosphonate)phenyl",,,,,
"5,15-bis(3-(phosphonate)phenyl",,,,,
"4-(3,5-dicarboxylatephenyl)tetrazolate",,,,,
"5-(3,5-dicarboxylatephenyl)tetrazolate",,,,,
5-(1H-tetrazol-5-yl)isophthalate,,,,,
"2-(3-chlorophenyl)-4,5-dicarboxylateimidazolat",,,,,
Nitrilo-triacetate,,,,,
Nitrilotriacetate,,,,,
"[1,1'-biphenyl]-2,3,3',5'-tetracarboxylate)-tetrakis(aqu",,,,,
"4',4'',4'''-nitrilotri((1,1'-biphenyl)-4-carboxylate","3,5-di(pyridin-4-yl)-4H-1,2,4-triazol-4-amine)-(N,N-dimethylformami",,,,
"4',4'',4'''-nitrilotri((1,1'-biphenyl)-4-carboxylate","3,5-di(pyridin-4-yl)-4H-1,2,4-triazol-4-amine)-(N,N-dimethylformami",,,,
"4',4'',4'''-nitrilotri((1,1'-biphenyl)-4-carboxylate","3,5-di(pyridin-4-yl)-4H-1,2,4-triazol-4-amine)-(N,N-dimethylformami",,,,
"3,5-bis(1H-imidazol-1-yl)benzoate",hydroxo,oxo,phosphate,,
"3,5-bis(1H-imidazol-1-yl)benzoate",hydroxo,orthosilicate,oxo,,
hydroxo,"1,1':4',1''-terphenyl-2',3,3'',5'-tetracarboxylate",,,,
"benzene-1,2,4,5-tetracarboxylate)-hexadecakis(aqu",,,,,
oxalate,selenate,,,,
oxalate,hydrogen,,,,
oxalate,,,,,
oxalate,,,,,
"4,4'-(1,4-diphenylbuta-1,3-diene-1,4-diyl)dibenzoate)-bis(N,N-dimethylformamid",,,,,
"1,1',1''-(benzene-1,3,5-triyl)tri(1H-imidazole)","biphenyl-2,2'-dicarboxylate",,,,
"1,1',1''-benzene-1,3,5-triyltris(1H-imidazole)","thiophene-2,5-dicarboxylate",,,,
"5-((3,5-dicarboxyphenyl)diazenyl)isophthalate)-hexa-aqua-bis(dimethylacetamid",,,,,
pyridine-3-sulfonate,,,,,
"3,5-di(pyridin-4-yl)-4H-1,2,4-triazol-4-amin","benzene-1,2,4-tricarboxylate",,,,
"benzene-1,2,4,5-tetracarboxylate","5,5'-((4,4'-bipyridin-1-ium",,,,
"4,4'-Bipyridyl",,,,,
"4,4'-Bipyridyl",,,,,
"3,5-Dimethyl-1,2,4-triazolate-N,N',N''",,,,,
"3,5-Dimethyl-1,2,4-triazolate",,,,,
"3,5-Dimethyl-1,2,4-triazolate",,,,,
"4-(6-(4-carboxylatephenyl)-4,4'-bipyridin-2-yl)benzoat","1,2,4-triazolate",,,,
bromo,"1,1'-(butane-1,4-diyl)bis(2-methyl-1H-imidazole)",,,,
"u1-Benzene-1,2,4-tricarboxylate",,,,,
"6-(pyridin-4-yl)-2-(4-(pyridin-4-yl)phenyl)-2,3-dihydroimidazo[1,2-a]pyridi",terephthalate,,,,
terephthalate,,,,,
"1H-pyrazole-3,5-dicarboxylate",aqua,,,,
"isophthalate)-bis(1,10-phenanthrolin",,,,,
benzotriazolate,terephthalate,,,,
"3,5-bis(pyridin-2-ylmethylene)pyridine-3,5-dicarbohydrazonate",acetate,,,,
"Pyridine-3,4-dicarboxylate-N,O,O'","4,4'-bipyridyl-N,N'",,,,
"1,4-bis(Imidazol-1-ylmethyl)benzene)-di-aqua-(ii","1,4-bis(imidazol-1-ylmethyl)benzene)-di-aqua-(ii",,,,
"biphenyl-3,3',5,5'-tetra(phenyl-4-carboxylate)",,,,,
"biphenyl-3,3',5,5'-tetra(phenyl-4-carboxylate)",,,,,
"biphenyl-3,3',5,5'-tetra(phenyl-4-carboxylate)",,,,,
"Formate-O,O,O'",,,,,
"Formate-O,O,O'",,,,,
"Formate-O,O,O'",,,,,
"Formate-O,O,O'",,,,,
"Formate-O,O,O'",,,,,
"Formate-O,O,O'",,,,,
"Formate-O,O,O'",,,,,
1-(4-((4-(1H-imidazol-1-yl)phenyl)sulfonyl)phenyl)-1H-imidazol,4-(4-carboxylatephenoxy)benzoate,,,,
"pyrazine-2,3-dicarboxylate",,,,,
oxo,terephthalate)-tetra-aqua-(dimethylformamid,,,,
"Benzene-1,2-dicarboxylate","benzene-1,4-dicarboxylate",,,,
"Benzene-1,2-dicarboxylate","benzene-1,4-dicarboxylate",,,,
"Benzene-1,2-dicarboxylate","benzene-1,4-dicarboxylate",,,,
"Benzene-1,2-dicarboxylate","benzene-1,4-dicarboxylate",,,,
"Benzene-1,2-dicarboxylate","benzene-1,4-dicarboxylate",,,,
"pyridine-3,5-dicarboxylate",sulfate,,,,
aqua,cyclo[N-(2-carboxylateethyl)glycyl-N-(2-carboxylateethyl)glycyl-N-(2-carboxylateethyl)glycyl-N-(2-carboxylateethyl)glycyl],,,,
"1,1'-(butane-1,4-diyl)bis(2-methyl-1H-imidazole)",pentanedioate,,,,
"3,3',4,4'-benzophenonetetracarboxylate",,,,,
5-Methylisophthalate,"1,4-bis(pyridin-4-ylmethyl)piperazine",,,,
5-Methylisophthalate,"1,2-bis(pyridin-4-yl)ethane",,,,
"2,6-bis(1H-imidazol-1-yl)pyridine",4-(4-carboxylatephenoxy)benzoate,,,,
"2,6-bis(1H-imidazol-1-yl)pyridine",4-(4-carboxylatephenoxy)benzoate,,,,
"6-[2-amino(4-hydroxyphenyl)acetamido]-3,3-dimethyl-7-oxo-4-thia-1-azabicyclo[3.2.0]heptane-2-carboxylate",,,,,
"5,5'-[hexane-1,6-diylbis(oxy)]bis(benzene-1,3-dicarboxylate)","4,4'-bipyridine",,,,
5-carboxy-4-carboxylate-2-methylimidazolate,tetrafluorophthalate,,,,
"Terephthalate-O,O',O'',O'''",hydroxo,,,,
"1,4-benzenedicarboxylate","2,5-dimethyl-1H-1,2,4-triazole",,,,
"1,4-benzenedicarboxylate","2,5-dimethyl-1H-1,2,4-triazole",,,,
terephthalate,"2,2'-dimethyl-4,4'-bipyridine",,,,
"2,5-dicarboxybenzene-1,4-dicarboxylate",,,,,
"4-(5-carboxylatepyridin-2-yl)benzene-1,3-dicarboxylate",,,,,
"5-(2,6-bis(4-carboxylatephenyl)pyridin-4-yl)isophthalate",,,,,
"hydrogen4-(3,5-dicarboxylatephenoxy)phthalate",,,,,
"4-(3,5-dicarboxylatephenoxy)phthalate",,,,,
"4-(3,5-dicarboxylatephenoxy)phthalate",,,,,
"4-(3,5-dicarboxylatephenoxy)phthalate",,,,,
"2-(3,5-di(pyridin-4-yl)-4H-1,2,4-triazol-4-yl)pyridin",,,,,
"2-(3,5-di(pyridin-4-yl)-4H-1,2,4-triazol-4-yl)pyridine)-(nit",,,,,
"2-(3,5-di(pyridin-4-yl)-4H-1,2,4-triazol-4-yl)pyridine)-(trifluoroaceta",,,,,
"4',4'',4'''-nitrilotribiphenyl-4-carboxylate",,,,,
"4',4'',4'''-nitrilotribiphenyl-4-carboxylate",,,,,
"4,4',4''-(4,4,8,8,12,12-hexamethyl-4H,8H,12H-benzo[1,9]quinolizino[3,4,5,6,7-defg]acridine-2,6,10-triyl)tribenzoate",,,,,
"1,4,8,11-tetra-azacyclotetradecane-1,4,8,11-tetrapropionate",,,,,
"Benzene-1,2-dicarboxylate)-bis(benzene-1,4-dicarboxylat",,,,,
phthalate,terephthalate,,,,
"Benzene-1,2-dicarboxylate","benzene-1,4-dicarboxylate",,,,
"Isonicoate-N,O,O'",,,,,
Isonicoate,,,,,
"Isonicoate-N,O,O'","isonicoate-N,O","4,4'-bipyridine)-aqua-(nitrate-O,O'",,,
"4,4'-Oxydibenzoate","1,1'-butane-1,4-diylbis(2-methyl-1H-imidazole)",,,,
"2,2'-Oxydiacetate",,,,,
"Butane-1,2,3,4-tetracarboxylate",,,,,
"4,4',4''-(1,3,5-triazine-2,4,6-triyl)tribenzoate",oxo,,,,
"4,4',4''-(1,3,5-Triazine-2,4,6-triyl)tribenzoate",,,,,
"4,4',4''-(1,3,5-Triazine-2,4,6-triyl)tribenzoate",,,,,
"4,4',4''-phosphinylidynetris[benzoate]",,,,,
"4,4',4''-phosphinylidynetris[benzoate]",,,,,
"4,4'-(1,4-phenylenebis(oxymethylene))dipyridine","4,4'-(phenylimino)dibenzoate",,,,
alaninate,"1,2-bis(4-pyridyl)ethene",,,,
alaninate,"1,2-bis(4-pyridyl)ethene",,,,
"1,3,5-Triaza-7-phosphaadamantane",,,,,
"1,3,5-Triaza-7-phosphaadamantane",,,,,
"4,4'-diamino-2,2',6,6'-tetrakis(3,5-dicarboxylatephenyl)biphenyl",,,,,
"1,2,4-triazolyl",chloro,,,,
"1,2,4-triazolyl",chloro,chloro,,,
"1,1':3',1''-terphenyl-3,3'',5,5',5''-pentacarboxylate",,,,,
"1,1:2,1-terphenyl-3,5,4,5,3,5-hexacarboxylate",,,,,
"2,2'-(hexane-1,6-diyl)bis{1-[(pyridin-4-yl)methyl]-1H-benzimidazole}","naphthalene-2,6-dicarboxylate",,,,
"benzene-1,4-dicarboxylate","3,6-di(pyridin-4-yl)-1,2,4,5-tetrazin",,,,
"benzene-1,3,5-tricarboxylate",,,,,
"benzene-1,3,5-tricarboxylate",,,,,
"4,4'-(1,1,1,3,3,3-hexafluoropropane-2,2-diyl)dibenzoate",,,,,
"5,5'-[biphenyl-4,4'-diylbis",,,,,
"5,5'-[biphenyl-4,4'-diylbis",,,,,
"pyridine-3,5-dicarboxylate","pyridine-3,5-dicarboxylate)-(N,N-dimethylformamid",,,,
"[[4,4'-bipiperidine]-1,1'-diylbis",aqua,,,,
"[[4,4'-bipiperidine]-1,1'-diylbis",aqua,,,,
"[[4,4'-bipiperidine]-1,1'-diylbis",aqua,,,,
"[[4,4'-bipiperidine]-1,1'-diylbis",aqua,,,,
"2,3,4,5-tetra(4-pyridyl)thiophene",,,,,
"2,3,4,5-tetra(4-pyridyl)thiophene",,,,,
"2,3,4,5-tetra(4-pyridyl)thiophene",,,,,
"2,3,4,5-tetra(4-pyridyl)thiophene",,,,,
"2,3,4,5-tetra(4-pyridyl)thiophene",,,,,
"Benzene-1,4-dicarboxylate",,,,,
"u1-1,2,4,5-Benzenetetracarboxylate",,,,,
"u1-benzene-1,2,4,5-tetracarboxylate",,,,,
"u1-1,2,4,5-Benzenetetracarboxylate",,,,,
"2,2'-(2,3-dihydro-1H-tetrazole-1,5-diyl)diacetate",,,,,
2-(5-(pyrazin-2-yl)-2H-tetrazol-2-yl)propanoat,,,,,
"benzene-1,3,5-tricarboxylate",aqua,formate,,,
"benzene-1,3,5-tricarboxylate",aqua,formate,,,
"benzene-1,3,5-tricarboxylate",formate,,,,
"4,4',4'',4'''-[methanetetrayltetrakis(4,1-phenylene)]tetrapyridine",,,,,
"4,4',4'',4'''-[methanetetrayltetrakis(4,1-phenylene)]tetrapyridine",,,,,
"4,4',4'',4'''-[methanetetrayltetrakis(4,1-phenylene)]tetrapyridine",bromo,,,,
"4,4',4'',4'''-[methanetetrayltetrakis(4,1-phenylene)]tetrapyridine",,,,,
"4,4',4'',4'''-[methanetetrayltetrakis(4,1-phenylene)]tetrapyridine",,,,,
"4,4',4'',4'''-[methanetetrayltetrakis(4,1-phenylene)]tetrapyridine",,,,,
"4,4',4'',4'''-[methanetetrayltetrakis(4,1-phenylene)]tetrapyridine",,,,,
isonicoate,acetate,isonicoate,acetate,,
"4,4',4'',4'''-[methanetetrayltetrakis(4,1-phenylene)]tetrapyridine",chloro,,,,
"hydrogen2-(pyridin-2-yl)-1H-imidazole-4,5-dicarboxylat","pyridine-2,6-dicarboxylate",,,,
"hydrogen2-(pyridin-2-yl)-1H-imidazole-4,5-dicarboxylat",,,,,
"4,4'-bipyridine",5-(carboxylatemethoxy)isophthalate,,,,
dihydrogen3-(3-carboxylatephenoxy)phthalate,hydroxo,"4,4'-bipyridine",,,
"benzene-1,3,5-tricarboxylate","5-carboxybenzene-1,3-dicarboxylate)-bis(ethano",,,,
"1,3,5-tris(1,2,4-triazol-1-ylmethyl)benzene",,,,,
"3,5-dicarboxybenzenesulfonate",aqua,,,,
"3,5-dicarboxybenzenesulfonate",,,,,
"Benzene-1,3,5-tricarboxylate","1,1'-(biphenyl-4,4'-diylbis",,,,
"Benzene-1,3,5-tricarboxylate","1,1'-(biphenyl-4,4'-diylbis",,,,
"Benzene-1,3,5-tricarboxylate","1,1'-(biphenyl-4,4'-diylbis",,,,
"Benzene-1,3,5-tricarboxylate","1,1'-(biphenyl-4,4'-diylbis",,,,
"5,5-oxybis([1,1:3,1-terphenyl]-4,4-dicarboxylate)","4,4'-(1,4-phenylene)dipyridine",,,,
"Benzene-1,2-dicarboxylate","1,1'-(biphenyl-4,4'-diylbis",,,,
"Thiophene-2,5-dicarboxylate",oxalate,,,,
"Thiophene-2,5-dicarboxylate",oxalate,,,,
"Thiophene-2,5-dicarboxylate",oxalate,,,,
"5,5-oxybis([1,1:3,1-terphenyl]-4,4-dicarboxylate)","4,2:5,4-terpyridine",,,,
"Thiophene-2,5-dicarboxylate",oxalate,,,,
"Thiophene-2,5-dicarboxylate",oxalate,,,,
"5,5-oxybis([1,1:3,1-terphenyl]-4,4-dicarboxylate)","2,5-bis(pyridin-4-yl)pyrazine",,,,
"Thiophene-2,5-dicarboxylate",oxalate,,,,
"triphenylene-2,3,6,7,10,11-hexolate","6,7,10,11-tetraoxo-6,7,10,11-tetrahydrotriphenylene-2,3-bis(olate)",hydroxo,,,
"Piperazine-1,4-bis",,,,,
"1,4-Piperazine-diiumbis",,,,,
"Pyrazole-3,5-dicarboxylate",aqua)-(i,,,,
Nitrilotriacetate,,,,,
fluoro,sulfate,"4,4',4''-(1,3,5-triazine-2,4,6-triyl)tribenzoate","2,4,6-tri(pyridin-4-yl)-1,3,5-triazin",,
formate,oxalate,,,,
tris(4-Imidazolylphenyl)amine,"5-aminobenzene-1,3-dicarboxylate-O,O',O''",,,,
"tris(4-Imidazolylphenyl)amine)-(2-(4-carboxybenzylamino)benzoate-O,O",,,,,
tris(4-Imidazolylphenyl)amine,"benzene-1,4-dicarboxylate",,,,
"1,4-bis(pyridin-4-ylmethyl)-1,4-dihydropyrazin","4,4'-(phenylimino)dibenzoate",,,,
Iodo,pyridine-4-carboxylate)-(N-methylformamid,,,,
pyridine-4-carboxylate,iodo,,,,
iodo,"pyridine-4-carboxylate)-tetrakis(N,N-dimethylformamid",,,,
"2,4,6-tri(1H-imidazol-1-yl)-1,3,5-triazine)-hexakis(isothiocyana",,,,,
"nonane-1,9-dicarboxylate",oxo,hydroxo),cucurbit(6)uril,,
"biphenyl-2,3,3',5'-tetracarboxylate","1,4-bis(pyridin-2-ylmethyl)piperazine",,,,
5-carboxyisophthalate,"4-methyl-3-(4-(pyridin-3-yl)pyrimidin-2-yl)benzene-1,3-diamine",,,,
"1H-Imidazol-1-yl)-N,N-bis(4-(1H-imidazol-1-yl)phenyl)anilin",malonate,,,,
4-Phosphonylbenzoate,4-phosphonylbenzoate,4-carboxyphenylphosphonate,fluoro,oxo,
4-carboxyphenylphosphonate,oxo,oxo,,,
Hydrogen4-carboxyphenylphosphonate,fluoro),,,,
"2,4-Dihydroxy-1,5-benzenedisulfonate",,,,,
"1,1':3',1''-Terphenyl-4,4'',5'-tricarboxylate",,,,,
"4,4'-bis(Imidazolylbiphenyl)","1,1':3',1''-terphenyl-4,4'',5'-tricarboxylate)",,,,
"u1-2,4,6-Trinitroresorcinolate",aqua,,,,
"Dihydrogen-benzene-1,4-diphosphonate","hydrogen-benzene-1,4-diphosphonate",,,,
"Benzene-1,3-dicarboxylate","1,1'-(1,4-phenylenebis",,,,
"25,26,27,28-tetrakis(pyridin-3-ylmethoxy)calix[4]arene",,,,,
"5-(1,3-Dioxo-1,3-dihydro-2H-isoindol-2-yl)isophthalate)-(N,N-dimethylacetamid",,,,,
"N,N'-di(pyridin-4-yl)terephthalamide","4,4'-oxydibenzoate",,,,
N-(4-(isonicooylamino)phenyl)isonicoamide,"4,4'-oxydibenzoate",,,,
Chloro,"3,5-bis(4-aminophenyl)-1,2,4-triazolat",,,,
Chloro,"3,5-bis(4-aminophenyl)-1,2,4-triazolat",,,,
Chloro,"3,5-bis(4-aminophenyl)-1,2,4-triazolat",,,,
"2,5-diaminoterephthalate",,,,,
Bromo,"3,5-bis(4-aminophenyl)-1,2,4-triazolat",,,,
"2,5-diaminoterephthalate)-diaqua-bis(N,N-dimethylformamid",,,,,
Bromo,"3,5-bis(4-aminophenyl)-1,2,4-triazolat",,,,
"1,6-bis(1,2,4-Triazol-1-yl)hexane",5-nitroisophthalate,,,,
azido,prop-2-en-1-amine,,,,
"2,3-dihydroxybenzene-1,4-dicarboxylate","1,1'-[1,2-phenylenebis",,,,
"1,1'-[1,4-phenylenebis",oxido,,,,
"Benzene-1,3,5-tricarboxylate)-bis(N,N-dimethylformamid",,,,,
"1,3,5,7-tetra-azatricyclo(3.3.1.3,7)decane","thiophene-2,5-dicarboxylate",,,,
"4-(phosphonomethyl)benzoate)-tris(1,10-phenanthrolin",,,,,
2-amino-4-nitrobenzoate,2-amino-4-nitrobenzoate,aqua,,,
"naphthalene-2,6-dicarboxylate",formate,,,,
"1H-imidazole-4,5-dicarboxylate",sulfate)-tetradecaaqua-(i,,,,
Oxo,oxo,aqua,"1,4-diazoniabicyclo[2.2.2]octane-1,4-diacetate",oxo,
,,,,,
,,,,,
,,,,,
"thiophene-2,5-diphosphonate",,,,,
"1H-Imidazole-4,5-dicarboxylate-N,O,O,O',O'',O'''","1H-imidazole-4,5-dicarboxylate-N,O,O',O'')-tetra-aqua-tri-(i",,,,
sulfate,"imidazole-4,5-dicarboxylate)-tetradecaaqua-(i",,,,
5-(Isonicoamido)isophthalate,5-(isonicoamido)isophthalate)-aqua-(ii,,,,
"3,8-dihydropyridazino(4,5-g)phthalazino-1,4,6,9-tetrone",,,,,
"4,4'-sulfonyldibenzoate",hydroxido,,,,
"benzene-1,3,5-tricarboxylate)-tetra-aqua-(i",,,,,
,,,,,
"5-{4-[(3,5-dicarboxylatephenoxy)methyl]phenyl}tetrazolate)-bis(2,2'-bipyridin",,,,,
cyano,pyrazine,,,,
"5,5'-(anthracene-9,10-diyl)bis(tetrazolate)","1,3-bis(4-pyridyl)propane",,,,
"benzene-1,4-dicarboxylate)-tetrakis(aqu",,,,,
"benzene-1,4-dicarboxylate)-bis(aqua)-(N,N-dimethylformami",,,,,
"benzene-1,4-dicarboxylate)-tetrakis(N,N-diethylformamid",,,,,
"1,1'-[6-(4-carboxypiperidin-1-yl)-1,3,5-triazine-2,4-diyl]di(piperidine-4-carboxylate",,,,,
"1,1'-[6-(4-carboxypiperidin-1-yl)-1,3,5-triazine-2,4-diyl]di(piperidine-4-carboxylate",,,,,
"1,1'-[6-(4-carboxypiperidin-1-yl)-1,3,5-triazine-2,4-diyl]di(piperidine-4-carboxylate",,,,,
"1,2,3,4,5-pentacyanocyclopentadienido)-bis(nitromethan",,,,,
dicyanamido,,,,,
dicyanamido,,,,,
dicyanamido,,,,,
dicyanamido,,,,,
dicyanamido,,,,,
dicyanamido,,,,,
dicyanamido,,,,,
dicyanamido,,,,,
dicyanamido,,,,,
hydrogendiethyl,,,,,
"benzene-1,3,5-tris(4-benzoate)",,,,,
"benzene-1,3,5-tris(4-benzoate)",aqua,,,,
"3,6-di(pyridin-4-yl)pyridazine",cyano,,,,
"3,6-di(pyridin-4-yl)pyridazine",cyano,,,,
"3,6-di(pyridin-4-yl)pyridazine",cyano,,,,
"3,6-di(pyridin-4-yl)pyridazine",cyano,,,,
8-hydroxyquinoline-5-sulfonate,,,,,
5-methyltetrazolate,isonicoate,,,,
5-ethyltetrazolate,isonicoate,,,,
4-amino-1-[5-O-(hydroxyphosphinate)pentofuranosyl]pyrimidin-2(1H)-on,,,,,
aqua,methanetrisulfonate,,,,
methanetrisulfonate,,,,,
"4,4'-(1,1,1,3,3,3-hexafluoropropane-2,2-diyl)dibenzoate","4,4'-(1,1,1,3,3,3-hexafluoropropane-2,2-diyl)dibenzoic",,,,
methanetrisulfonate,,,,,
"4,4'-oxydiphthalate","1,2-bis(4-pyridyl)ethene",,,,
"4,4'-Bipyridine-N,N'","terephthalate-O,O',O'',O'''",,,,
"Terephthalate-O,O,O',O'',O'''","1,2-bis(4-pyridyl)ethane-N,N'",hydrogen,,,
"9-Oxo-9H-fluorene-2,7-dicarboxylate",,,,,
"9-Oxo-9H-fluorene-2,7-dicarboxylate",,,,,
"naphthalene-2,6-dicarboxylate","4,4'-bipyridine",,,,
"4,4',4''-(benzene-1,3,5-triyl)tribenzoate",,,,,
terephthalate,isonicoate,hydroxo,,,
"5,11,17,23-tetra-t-butyl-25,26,27,28-tetrakis(carboxylatemethoxy)-2,8,14,20-tetrathiacalix(4)aren","hexane-1,6-diamine)-tetrakis(N,N-dimethylformamid",,,,
u1-silicate,4-ammoniobutanoate,oxo,hydroxo,oxo,oxo
5-thiolateisophthalate,,,,,
5-thiolateisophthalate,,,,,
5-thiolateisophthalate,,,,,
terephthalate)-diaqua-bis(dimethylformamid,,,,,
"5-(4-(1H-1,2,4-triazol-1-yl)phenyl)tetrazolyl",chloro,,,,
"4-(4,2':6',4''-terpyridin-4'-yl)benzoate",oxalate,,,,
"Pyridine-2,6-dicarboxylate","pyridine-2,6-dicarboxylate",,,,
"Pyridine-2,6-dicarboxylate","pyridine-2,6-dicarboxylate",,,,
"Pyridine-2,6-dicarboxylate","pyridine-2,6-dicarboxylate",,,,
"naphthalene-1,4-dicarboxylate",tetrakis{4-[(1H-imidazol-1-yl)methyl]phenyl}pyrazine,aqua,,,
"tetrahydrofuran-2,3,4,5-tetracarboxylate",,,,,
"tetrahydrofuran-2,3,4,5-tetracarboxylate",,,,,
"tetrahydrofuran-2,3,4,5-tetracarboxylate",,,,,
"tetrahydrofuran-2,3,4,5-tetracarboxylate",,,,,
"Glutarate-O,O,O',O''",aqua,"1,4-bis(imidazol-1-ylmethyl)benzene-3,N3",,,
"4,4'-bipyridine)-bis(hexafluorosilicat",,,,,
6-oxidopyridinium-2-carboxylate,,,,,
cyanurate,hydroxo,,,,
cyanurate,hydroxo,,,,
sulfate,sulfate,1H-benzimidazole-5-carboxylate,1H-benzimidazole-5-carboxylate,aqua,
formate,,,,,
"3,3',3''-(benzene-1,3,5-triyl)tris(prop-2-enoic",,,,,
"3,6-dinitropyrazolo[4,3-c]pyrazole-1,4-diyl)bis(nitroazanide",,,,,
"4,4'-bipyridine",2-hydroxybutanedioate,,,,
"4,4'-(ethane-1,2-diyl)dipyridine","hexa-2,4-dienedioate",,,,
3-(N-(1-(pyridin-3-yl)ethylidene)ethanehydrazonoyl)pyridine,"hexa-2,4-dienedioate",,,,
"hexa-2,4-dienedioate",4-(((pyridin-4-ylmethylene)hydrazono)methyl)pyridine,,,,
"hexa-2,4-dienedioate",3-(((pyridin-3-ylmethylene)hydrazono)methyl)pyridine,,,,
L-hydrogenmalate,"4,4'-bipyridine",L-hydrogen,,,
L-hydrogenmalate,"4,4'-bipyridine",L-hydrogen,,,
1-(4-(1H-imidazol-1-yl)phenyl)-1H-imidazol,"2,2'-[(5-carboxy-1,3-phenylene)bis(oxy)]dibenzoate",,,,
benzenehexacarboxylate,,,,,
"5-t-Butyl-25-carboxymethoxy-26,27,28-trihydroxy-2,8,14,20-tetrathiacalix[4]arene-11,17,23-trisulfonate",aqua,,,,
"2,5-dibromoterephthalate",,,,,
"2,5-dibromoterephthalate",,,,,
"4,4'-(ethene-1,2-diyl)dipyridine",selenocyanate)-(i,,,,
"4,4'-(ethene-1,2-diyl)dipyridine",selenocyanate)-(i,,,,
"4,4'-diazenediyldipyridine",selenocyanate)-bis(selenocyanat,,,,
"3,3'-bipyridine",selenocyanate)-(i,,,,
"3,3'-diazenediyldipyridine",selenocyanate)-(i,,,,
hexakis(4-carboxylatephenyl)benzene)-aqua-tris(dimethylformamid,,,,,
hexakis(4-carboxylatephenyl)benzene,aqua)-diaqua-hexakis(diethylformamid,,,,
"5,5'-Diazene-1,2-diyldiisophthalate",,,,,
"5,5'-Diazene-1,2-diyldiisophthalate",,,,,
"thiophene-2,5-dicarboxylate",,,,,
"hydroxo)-hexakis([1,1:3,1-terphenyl]-4,5,4-tricarboxylat",,,,,
"hydroxo)-hexakis([1,1:3,1-terphenyl]-4,5,4-tricarboxylat",,,,,
hydroxo,"N,N'-(ethane-1,2-diyl)di(pyridine-4-carboxamide)",oxo,,,
(4-Carboxypiperidyl)phosphonate,,,,,
"hexa-2,4-dienedioate","4,4'-(diazenediyl)dipyridine",,,,
"benzene-1,2,4,5-tetracarboxylate",,,,,
"5,10,15,20-tetrakis(pyridin-4-yl)porphyinate",,,,,
2-hydroxy-5-nitrobenzoate,aqua,,,,
,,,,,
"Adipate-O,O,O',O'',O'',O'''","adipate-O,O,O',O'',O'''",,,,
"Adipate-O,O,O',O'',O'',O'''","adipate-O,O,O',O'',O'''",,,,
"Adipate-O,O,O',O'',O'',O'''","adipate-O,O,O',O'',O'''",,,,
"Adipate-O,O,O',O'',O'',O'''","adipate-O,O,O',O'',O'''",,,,
,,,,,
fumarate,fumaric,,,,
"3-(4-carboxylatephenoxy)benzene-1,2-dicarboxylate","4,4'-(ethene-1,2-diyl)dipyridine)-tetrakis(aqu",,,,
"[1,1:4,1-terphenyl]-3,2,5,3-tetracarboxylate","1,1'-([1,1'-biphenyl]-4,4'-diyl)di(1H-imidazole)",,,,
"2-amino[1,1:3,1-terphenyl]-3,5,5,3,5-pentacarboxylate",formate)-bis(formate)-bis(aq,,,,
,,,,,
"2,2'-Dithiobis(benzoate)",hydroxo,,,,
"4,4'-Bipyridine-N,N')-tetrakis(pentachloropheny",,,,,
"4,4'-Bipyridine-N,N')-octakis(pentachlorophenyl)-bis(tetrahydrofur",,,,,
"4,4'-Bipyridine-N,N')-tetrakis(pentachloropheny",,,,,
5-(hydrogen,,,,,
"5-(hydrogenphosphono)benzene-1,3-dicarboxylate)-(i",,,,,
5-(hydrogen,,,,,
"5-(hydrogenphosphono)benzene-1,3-dicarboxylate)-diaqua-di-(i",,,,,
"hydrogen4,4',4''-[benzene-1,3,5-triyltris(oxy)]tribenzoate","4,4'-bipyridine",,,,
"1,1'-[1,4-phenylenebis",2-methylbutanedioate,,,,
4-(isonicooylamino)phthalate,,,,,
4-(10-(4-carboxyphenyl)-9-anthryl)benzoat,isonicoate,,,,
"cyclohexane-1,2,3,4,5,6-hexacarboxylate",aqua,,,,
oxido)-hexadecakis(1-ethenyl-1H-imidazole)-octaoxo-tetra-(,,,,,
oxido)-tetradecakis(1-ethenyl-1H-imidazole)-octaoxo-diaqua-tetra-(,,,,,
3-amino-3-oxopropanate,,,,,
"1,4-Phenylenediacetate","1,4-bis(benzimidazol-1-ylmethyl)benzene","1,4-bis(benzimidazol-1-ylmethyl)benzene",,,
"1,3-Phenylenediacetate","1,4-bis(benzimidazol-1-ylmethyl)benzene",,,,
,,,,,
,,,,,
"Nitrate-O,O","nitrate-O,O'",quinazoline,,,
"5-carboxy[1,1:3,1-terphenyl]-2,5,6,2-tetracarboxylate","1,1'-([1,1'-biphenyl]-4,4'-diyl)bis(1H-imidazole)",,,,
4-(1H-Benzimidazol-2-yl)butanoate,,,,,
"Benzene-1,4-dicarboxylate",,,,,
"Benzene-1,4-dicarboxylate",,,,,
"Benzene-1,4-dicarboxylate",,,,,
"Benzene-1,4-dicarboxylate",,,,,
"Benzene-1,4-dicarboxylate",,,,,
"1-[(pyridin-4-yl)methyl]-1H-1,2,4-triazole-3-carboxylate",chloro,,,,
"4,4',4''-(1,3,5-Triazine-2,4,6-triyltriimino)tribenzoate",,,,,
"4,4',4''-(1,3,5-Triazine-2,4,6-triyltriimino)tribenzoate",,,,,
"terephthalate-O,O',O'',O'''","terephthalate-O,O,O',O'","terephthalate-O,O'",,,
"ethylenediamine-N,N,N',N'-tetraacetate",,,,,
"1,2,4-Triazolyl","1,2,4-triazolyl","1,2,4-4H-triazole",,,
2-(Pyridin-3-yl)terephthalate,2-(pyridin-3-yl)terephthalate,,,,
2-(Pyridin-3-yl)terephthalate,,,,,
"1,1'-(1,4-Phenylene)bis(1H-imidazole)","pyridine-2,3-dicarboxylate",,,,
formate,,,,,
"1H-benzimidazole-5,6-dicarboxylate",,,,,
terephthalate,terephthalate,"1,1'-(1,4-phenylenebis",,,
"selenophene-2,5-dicarboxylate","1,4-diazabicyclo[2.2.2]octane",,,,
"5-carboxy[1,1:3,1-terphenyl]-2,5,2,5-tetracarboxylate",hydroxido,,,,
"4,4'-(8-hydroxy-2-methylquinoline-5,7-diyl)dibenzoate",,,,,
u1-silicate,"4,4'-methylenebis(3,5-dimethyl-1H-pyrazole)",oxido,,,
"3,3'-[cyclohexane-1,2-diylbis(azanylylidenemethylylidene)]bis(5-t-butyl-4-oxidobenzoate))-octakis(N,N-dimethylformamid",,,,,
cyano,5-(1-aminoethyl)-1H-tetrazol-1-yl)-nitrate-aqua-di-,,,,
"4,4'-bipyridine","furan-2,5-dicarboxylate",,,,
Isonicoate,isonicoate,,,,
"Isonicoate-N,O,O'","isonicoate-N,O",,,,
"Isonicoate-O,O',N","isonicoate-O,N",,,,
4-pyridinecarboxylate,4-pyridinecarboxylate,,,,
4-pyridinecarboxylate,4-pyridinecarboxylate,,,,
"4,4'-(propane-1,3-diyl)dipyridine","2-[4,5-bis",oxalate,,,
Hexamethylenetetraamine,diglycolate,,,,
Hexamethylenetetraamine,m-phthalate,,,,
4-[(4-hydroxyphenyl)diazenyl]benzene-1-sulfonate,,,,,
Oxalate,oxalic,,,,
butyrate,,,,,
Oxalate,,,,,
Oxalate,chloro,nitrate,,,
"5,5'-benzene-1,4-diylbis(2H-tetrazol-2-yl)",sulfate,hydroxo,,,
"5,5',5''-Benzene-1,3,5-triyltris(2H-tetrazol-2-yl)",sulfate,hydroxo,,,
"5,5'-biphenyl-4,4'-diylbis(2H-tetrazolyl)","5,5'-biphenyl-4,4'-diylbis(2H-tetrazolyl)",fluoro,,,
"5-(2-pyridyl)benzene-1,3-dicarboxylate","5-(2-pyridyl)benzene-1,3-dicarboxylate)-(N,N-dimethylformamid",,,,
5-(pyridin-4-yl)isophthalate,,,,,
"4,4'-bipyridine",,,,,
"1,4-bis[(pyridin-4-yl)methyl]piperazine","4,4'-[(5-carboxylate-1,3-phenylene)bis(oxy)]dibenzoate",,,,
"1,1'-(propane-1,3-diyl)bis(1H-imidazole)","3,5-bis(4-carboxylatephenoxy)benzoate",,,,
2-hydroxy-5-sulfonatebenzoate,"1,1'-(1,2-phenylenebis",,,,
"2,3-dihydroxybutanedioate","2,3-dihydroxybutanedioate",,,,
oxo,"1,1'-[1,4-phenylenebis",,,,
"4,4'-Bipyridyl",oxo,,,,
"4,4'-Bipyridyl",oxo,,,,
"4,4'-Bipyridine",oxo,,,,
"4,4'-bipyridine",oxo,,,,
"9-oxo-9H-fluorene-2,7-dicarboxylate)-tetrakis(nitrat",,,,,
Tetracyanoquinodimethane,,,,,
Oxalate,,,,,
"4,6-di(pyridin-4-yl)benzene-1,3-dicarboxylate",,,,,
5-(3-carboxylatephenyl)pyridine-2-carboxylate)-decaaqua-bis(5-(3-carboxyphenyl)pyridine-2-carboxylat,,,,,
hydroxo,"4,4'-[1,3-phenylenebis","2,2'-(1,4-phenylene)diacetate",,,
hydroxo,"4,4'-[1,3-phenylenebis","2,2'-(1,4-phenylene)diacetate",,,
"(R,R)-3,5-bis(1-hydroxyethyl)-1,2,4-triazola",,,,,
"(S,S)-3,5-bis(1-hydroxyethyl)-1,2,4-triazola",,,,,
"3,5-diisopropyl-1,2,4-triazolate",,,,,
"3,5-diisopropyl-1,2,4-triazolate",,,,,
"Pyridine-2,5-dicarboxylate","pyridine-2,5-dicarboxylate",oxalate)-octa-aqua-di-(i,,,
"Pyridine-3,4-dicarboxylate-O,O'",,,,,
"4,4'-{methylenebis[(3,5-dimethyl-1H-pyrazole-1,4-diyl)]}dibenzoate",,,,,
"4,4'-{methylenebis[(3,5-dimethyl-1H-pyrazole-1,4-diyl)]}dibenzoate",,,,,
"4,4'-{methylenebis[(3,5-dimethyl-1H-pyrazole-1,4-diyl)]}dibenzoate",,,,,
"4,4'-{methylenebis[(3,5-dimethyl-1H-pyrazole-1,4-diyl)]}dibenzoate",,,,,
"pyrimidine-2,4,6(1H,3H,5H)-trion",aqua,,,,
Oxydiacetate)-hexa-aqua-tri-(i,,,,,
"4,4'-{methylenebis[(3,5-dimethyl-1H-pyrazole-1,4-diyl)]}dibenzoate",,,,,
"2,5-dichloroterephthalate","1,4-bis(5,6-dimethyl-1H-benzimidazol-1-yl)but-2-ene",,,,
"2,5-dichloroterephthalate","1,2-bis((5,6-dimethyl-1H-benzimidazol-1-yl)methyl)benzene",,,,
"2,5-dichloroterephthalate","1,4-bis((5,6-dimethyl-1H-benzimidazol-1-yl)methyl)benzene",,,,
Oxalate,aqua,,,,
Oxalate,aqua,,,,
Oxalate,aqua,,,,
"3,5-bis(1H-1,2,4-triazol-1-yl)benzoate",oxo,,,,
3-(((pyridin-3-ylmethylene)hydrazono)methyl)pyridine)-tetrakis(isothiocyanat,,,,,
cyano,4-(pyridin-4-yldiazenyl)pyridine,,,,
carbonate,aqua,peroxo,,,
"2,5-bis[(prop-2-en-1-yl)sulfanyl]benzene-1,4-dicarboxylate",,,,,
Squarate,,,,,
Squarate,,,,,
"5,5-(1,4-Phenylene)bis(tetrazolate)",,,,,
Squarate,hydroxo,,,,
Squarate,hydroxo,,,,
